property_type,site_improvement,current_use,latitude,longitude,provice_city,district_khan,commune_sangkat,land_width,land_length,land_area_by_title_deed,topography,site_position,unit_type,building_name,width,length,no_of_storey,total_bedroom,total_bathroom,total,per_sqm,updated_sync_modify
Land,,,13.36538025,103.8606882,,Siem Reap City,,56,62,,,Corner,,,,,0,0,0,1575000,450,
Hotel/Resort,,,13.36537961,103.8606723,,Siem Reap City,,23,50,,,Middle,,,,,4,45,48,4000000,4000000,
Land,,,13.36537011,103.8606841,,Siem Reap City,,16,20,,,Middle,,,,,0,0,0,54400,170,
Land,,,13.38333848,103.8550495,,Siem Reap City,,50,22,,,,,,,,0,8,0,595000,595000,
House/Villa,,,13.36429579,103.9442752,,Prasat Bakong,,4,8,,,,,,,,3,2,2,88000,88000,
Hotel/Resort,,,13.36537922,103.8606949,,Siem Reap City,,40,29,,,Corner,,,,,2,6,8,535000,535000,
House/Villa,,,13.36536679,103.8606745,,Siem Reap City,,8,26,,,Middle,,,,,2,4,4,102000,102000,
House/Villa,,,13.36536237,103.8606912,,Siem Reap City,,6,16,,,Middle,,,,,3,3,3,89900,89900,
Land,,,13.36538441,103.860684,,Siem Reap City,,25,40,,,Corner,,,,,0,0,0,680000,680,
Shophouse/Commercial,,,13.3653786,103.8606979,,Siem Reap City,,9,7,,,Middle,,,,,2,2,1,1000,1000,
Land,,,13.36454785,103.8278769,,Siem Reap City,,10,23,,,,,,,,0,0,0,44850,195,
Land,,,13.36524257,103.8605615,,Siem Reap City,,35,45,,,Middle,,,,,0,0,0,353700,180,
House/Villa,,,13.36537799,103.8607003,,Siem Reap City,,5,16,,,Middle,,,,,2,2,3,75000,75000,
House/Villa,,,13.36535204,103.8606921,,Siem Reap City,,10,25,,,Middle,,,,,0,2,2,123000,123000,
Land,,,13.3653726,103.8606999,,Siem Reap City,,20,50,,,Middle,,,,,0,0,0,153450,155,
House/Villa,,,13.36538184,103.8606566,,Siem Reap City,,10,26,,,Middle,,,,,0,2,2,68000,68000,
Hotel/Resort,,,13.36537688,103.8606835,,Siem Reap City,,30,31,,,Corner,,,,,3,29,26,2300000,2300000,
Land,,,13.36536094,103.8607034,,Siem Reap City,,70,40,,,Middle,,,,,0,0,0,308000,110,
Land,,,13.36536342,103.8606875,,Siem Reap City,,21,27,,,Middle,,,,,0,0,0,89019,157,
House/Villa,,,13.36536748,103.860675,,Siem Reap City,,12,25,,,Middle,,,,,0,2,3,400,400,
House/Villa,,,13.36524388,103.8605671,,Siem Reap City,,20,50,,,Middle,,,,,2,4,6,339000,339000,
Land,,,13.35125298,103.8615911,,Siem Reap City,,22,150,,,,,,,,0,0,0,5242100,380,
House/Villa,,,11.45224315,104.9065805,,Dangkao,,6,18,,,,,,,,0,0,0,200000,200000,
Hotel/Resort,,,13.36536474,103.8607132,,Siem Reap City,,16,29,,,Corner,,,,,2,12,13,380000,380000,
House/Villa,,,13.36537318,103.8606747,,Siem Reap City,,10,22,,,Middle,,,,,2,3,4,900,900,
Shophouse/Commercial,,,13.36536459,103.8606814,,Siem Reap City,,10,26,,,Middle,,,,,2,3,4,680000,680000,
Land,,,13.36537554,103.8606801,,Siem Reap City,,25,25,,,Middle,,,,,0,0,0,156250,250,
Hotel/Resort,,,13.36537378,103.8606742,,Siem Reap City,,20,30,,,Middle,,,,,3,25,27,850000,850000,
House/Villa,,,13.36536733,103.8606954,,Siem Reap City,,30,40,,,Middle,,,,,0,8,10,1200000,1200000,
Land,,,13.3653653,103.8606916,,Siem Reap City,,36,116,,,Middle,,,,,0,0,0,1500000,1500000,
Condo/Apartment,,,13.36538152,103.8606888,,Siem Reap City,,15,32,,,Middle,,,,,2,7,8,350000,350000,
Hotel/Resort,,,13.36536338,103.860699,,Siem Reap City,,30,40,,,Middle,,,,,2,22,21,1200000,1200000,
Land,,,13.36521639,103.8605778,,Siem Reap City,,44,66,,,Middle,,,,,0,0,0,1916240,680,
Land,,,13.36536825,103.860704,,Siem Reap City,,12,48,,,Middle,,,,,0,0,0,44700,75,
House/Villa,,,13.36535926,103.8606772,,Siem Reap City,,9,20,,,Middle,,,,,0,3,3,135000,135000,
House/Villa,,,13.3653545,103.8606807,,Siem Reap City,,10,20,,,Middle,,,,,2,3,4,130000,130000,
Land,,,13.36535687,103.860705,,Siem Reap City,,12,40,,,Corner,,,,,0,0,0,120000,250,
Hotel/Resort,,,13.36536501,103.8606871,,Siem Reap City,,15,30,,,Middle,,,,,2,7,8,450000,450000,
House/Villa,,,13.36536325,103.860638,,Siem Reap City,,5,20,,,Middle,,,,,2,2,3,93800,93800,
Land,,,13.28690108,104.0274267,,Prasat Bakong,,135,54,,,Middle,,,,,0,0,0,98555,23,
House/Villa,,,13.36524444,103.8605841,,Siem Reap City,,6,20,,,Middle,,,,,2,2,3,63000,63000,
Shophouse/Commercial,,,13.36536676,103.8607147,,Siem Reap City,,4,20,,,Middle,,,,,3,4,5,156000,156000,
House/Villa,,,13.36535548,103.8606949,,Siem Reap City,,12,16,,,Middle,,,,,0,2,2,120000,120000,
Land,,,13.36535819,103.8606789,,Siem Reap City,,104,120,,,Corner,,,,,0,0,0,1328080,130,
House/Villa,,,13.36536493,103.8606605,,Siem Reap City,,4,18,,,Middle,,,,,3,4,5,100000,100000,
House/Villa,,,13.36525106,103.8606005,,Siem Reap City,,8,23,,,Middle,,,,,2,2,3,89000,89000,
Hotel/Resort,,,13.36535994,103.8606926,,Siem Reap City,,23,30,,,Middle,,,,,2,10,12,850000,850000,
Land,,,13.38559557,103.8704255,,Siem Reap City,,42,138,,,Middle,,,,,0,0,0,2002350,350,
House/Villa,,,13.36535596,103.8606719,,Siem Reap City,,8,14,,,Corner,,,,,0,2,3,450,450,
Land,,,13.36174658,103.8421696,,Siem Reap City,,22,32,,,Corner,,,,,0,0,0,707850,990,
Land,,,13.36535894,103.8607026,,Siem Reap City,,27,43,,,Middle,,,,,0,0,0,302680,280,
House/Villa,,,13.36536386,103.8606929,,Siem Reap City,,10,22,,,Middle,,,,,2,3,4,900,900,
House/Villa,,,13.36536242,103.8606812,,Siem Reap City,,19,18,,,Middle,,,,,1,2,2,180000,180000,
Shophouse/Commercial,,,13.36535791,103.8606942,,Siem Reap City,,4,24,,,Middle,,,,,3,4,5,190000,190000,
House/Villa,,,11.4902684,104.8943331,,Dangkao,,5,16,,,Middle,,,,,3,3,4,92000,92000,
Land,,,13.36536243,103.8606916,,Siem Reap City,,25,18,,,Middle,,,,,0,0,0,155050,350,
Shophouse/Commercial,,,13.36537548,103.8606791,,Siem Reap City,,4,22,,,Middle,,,,,3,4,5,198500,198500,
Land,,,13.36525786,103.8605854,,Siem Reap City,,25,54,,,Middle,,,,,3,25,27,1810900,1300,
House/Villa,,,13.36537449,103.8606869,,Siem Reap City,,12,14,,,Middle,,,,,0,2,2,250,250,
Land,,,13.36537094,103.8606863,,Siem Reap City,,25,40,,,Middle,,,,,0,0,0,167300,175,
House/Villa,,,13.36536733,103.860675,,Siem Reap City,,30,20,,,Middle,,,,,2,3,4,500000,500000,
Hotel/Resort,,,13.36538259,103.8606702,,Siem Reap City,,12,24,,,Corner,,,,,3,10,8,650000,650000,
Land,,,13.36537062,103.8606792,,Siem Reap City,,30,60,,,Middle,,,,,0,0,0,990000,550,
House/Villa,,,13.36536447,103.8606915,,Siem Reap City,,12,16,,,Middle,,,,,0,2,2,300,300,
Land,,,13.36537423,103.8606763,,Siem Reap City,,22,53,,,Middle,,,,,0,0,0,186660,170,
House/Villa,,,13.36536841,103.8606983,,Siem Reap City,,4,15,,,Middle,,,,,0,2,3,95000,95000,
Hotel/Resort,,,13.36536013,103.8606959,,Siem Reap City,,15,30,,,Middle,,,,,0,6,8,390000,390000,
House/Villa,,,13.36536876,103.8606845,,Siem Reap City,,10,20,,,Corner,,,,,0,3,3,115000,115000,
House/Villa,,,13.3653648,103.8606946,,Siem Reap City,,10,21,,,Middle,,,,,2,4,4,150000,150000,
Land,,,13.36536218,103.860695,,Siem Reap City,,22,45,,,Middle,,,,,0,0,0,181400,200,
House/Villa,,,13.36536248,103.8606876,,Siem Reap City,,11,17,,,Middle,,,,,2,4,3,190000,190000,
House/Villa,,,13.36346072,103.9475368,,Prasat Bakong,,4,10,,,,,,,,2,2,1,75000,75000,
House/Villa,,,13.36308153,103.8655693,,Siem Reap City,,14,24,,,Middle,,,,,2,4,5,345000,345000,
House/Villa,,,13.36536186,103.8606787,,Siem Reap City,,8,22,,,Middle,,,,,0,3,3,550,550,
House/Villa,,,13.36536279,103.8606777,,Siem Reap City,,4,14,,,Corner,,,,,2,2,3,77000,77000,
House/Villa,,,13.36524517,103.860568,,Siem Reap City,,10,20,,,Middle,,,,,1,1,1,60000,60000,
Condo/Apartment,,,13.36536966,103.8606728,,Siem Reap City,,13,31,,,Middle,,,,,4,12,13,550000,550000,
House/Villa,,,13.36536408,103.8606948,,Siem Reap City,,12,20,,,Corner,,,,,2,5,6,150000,150000,
House/Villa,,,13.36533783,103.8606584,,Siem Reap City,,14,36,,,Middle,,,,,1,3,2,165000,165000,
House/Villa,,,13.36537652,103.8606882,,Siem Reap City,,4,15,,,Middle,,,,,2,2,3,250,250,
Land,,,13.36536153,103.8606907,,Siem Reap City,,9,35,,,Middle,,,,,0,0,0,50000,50000,
Land,,,13.36535657,103.8606739,,Siem Reap City,,50,322,,,Middle,,,,,0,0,0,4002500,25,
Hotel/Resort,,,13.36536847,103.8607024,,Siem Reap City,,30,43,,,Middle,,,,,0,8,10,850000,850000,
Shophouse/Commercial,,,13.36536883,103.8606872,,Siem Reap City,,12,26,,,Middle,,,,,3,0,4,1248,4,
House/Villa,,,13.36534985,103.8606821,,Siem Reap City,,13,21,,,Middle,,,,,2,2,3,95000,95000,
House/Villa,,,13.36535879,103.8606836,,Siem Reap City,,10,22,,,Middle,,,,,2,3,4,700,700,
House/Villa,,,13.36523736,103.860594,,Siem Reap City,,8,20,,,Middle,,,,,2,3,3,123000,123000,
House/Villa,,,13.36536497,103.8606887,,Siem Reap City,,30,40,,,Middle,,,,,0,3,2,535000,535000,
House/Villa,,,13.36536438,103.8606986,,Siem Reap City,,10,20,,,Middle,,,,,2,4,5,120000,120000,
House/Villa,,,13.36536191,103.8607026,,Siem Reap City,,6,16,,,Middle,,,,,0,2,3,65000,65000,
Hotel/Resort,,,13.36537436,103.8606876,,Siem Reap City,,11,35,,,Middle,,,,,5,28,31,3500000,3500000,
House/Villa,,,13.36535382,103.8606948,,Siem Reap City,,18,40,,,Middle,,,,,2,6,6,550000,550000,
House/Villa,,,13.3653359,103.8607009,,Siem Reap City,,4,20,,,Middle,,,,,2,3,3,130000,130000,
Land,,,13.36536207,103.8606923,,Siem Reap City,,10,24,,,Middle,,,,,0,0,0,58000,58000,
Commercial,,CommercialBuilding,11.57,104.9,Phnom Penh,Toul Kork,,,,,,,,,,,8,,,11,,"Saturday, June 5, 2021"
Condo/Apartment,,,11.55232537,104.9245658,,Boeng Keng Kang,,,,,,,,,,,0,2,2,1350,1350,
Commercial,,ServicedOffice,11.55,104.94,Phnom Penh,Chamkarmon,,,,,,,,,,,33,,,,,"Monday, July 6, 2020"
Commercial,,Office,11.57,104.92,Phnom Penh,Daun Penh,,,,,,,,,,,5,,,15000,,"Wednesday, February 26, 2020"
Condo/Apartment,,,11.49816758,104.9228137,,Meanchey,,,,,,,,,,,23,1,1,500,500,
Condo/Apartment,,,11.56134469,104.9229788,,Boeng Keng Kang,,,,,,,,,,,9,1,1,750,750,
Residential,,Condominium,11.57,104.9,Phnom Penh,Daun Penh,,,,,,,,,,,69,,,129000,,"Wednesday, March 4, 2020"
Condo/Apartment,,,11.54461801,104.9198461,,Chamkarmon,,,,,,,,,,,0,1,1,400,400,
Condo/Apartment,,,11.56324931,104.9408001,,Chamkarmon,,,,,,,,,,,71,1,1,99998,99998,
Condo/Apartment,,,11.59041806,104.8738916,,SenSok,,,,,,Corner,,,,,0,1,2,600,600,
Residential,,Condominium,11.55,104.92,Phnom Penh,Chamkarmon,,,,,,,,,,,43,,,128674,,"Tuesday, September 1, 2020"
Commercial,,Office,11.54,104.92,Phnom Penh,Chamkarmon,,,,,,,,,,,10,,,,,"Wednesday, June 17, 2020"
Commercial,,Office,11.549,104.9195,Phnom Penh,Chamkarmon,,,,,,,,,,,25,,,16,,"Monday, February 21, 2022"
Condo/Apartment,,,11.57200533,104.8991905,,Toul Kork,,,,,,Middle,,,,,0,2,2,750,750,
Condo/Apartment,,,13.36534184,103.8606985,,Siem Reap City,,,,,,Middle,,,,,0,2,1,600,600,
Commercial,,Office,11.55,104.92,Phnom Penh,Chamkarmon,,,,,,,,,,,6,,,15,,"Tuesday, December 1, 2020"
Condo/Apartment,,,11.55653626,104.9275676,,Boeng Keng Kang,,,,,,,,,,,0,2,2,2400,2400,
Condo/Apartment,,,11.5297406,104.9284257,,Meanchey,,,,,,Corner,,,,,0,2,1,113000,113000,
Condo/Apartment,,,11.53026371,104.9276132,,Meanchey,,,,,,Middle,,,,,23,2,1,115000,115000,
Residential,,Condominium,11.55,104.93,Phnom Penh,Sen Sok,,,,,,,,,,,9,,,382470,,"Tuesday, March 31, 2020"
Residential,,Condominium,11.59,104.94,Phnom Penh,Chroy Changvar,,,,,,,,,,,46,,,208000,,"Thursday, February 27, 2020"
Condo/Apartment,,,11.57464592,104.8927202,,Toul Kork,,,,,,,,,,,0,2,1,151300,1700,
Residential,,Condominium,13.37,103.85,Siem Reap,,,,,,,,,,,,3,,,178000,,"Tuesday, September 28, 2021"
Commercial,,Office,11.56,104.92,Phnom Penh,Daun Penh,,,,,,,,,,,5,,,27500,,"Friday, July 16, 2021"
Commercial,,Office,11.55,104.93,Phnom Penh,Chamkarmon,,,,,,,,,,,6,,,30000,,"Wednesday, March 3, 2021"
Residential,,Condominium,11.53,104.92,Phnom Penh,Chamkarmon,,,,,,,,,,,47,,,65000,,"Thursday, January 14, 2021"
Residential,,Condominium,11.55,104.93,Phnom Penh,Russey Keo,,,,,,,,,,,32,,,188181,,"Monday, April 6, 2020"
Condo/Apartment,,,11.54436408,104.909455,,Meanchey,,,,,,Corner,,,,,0,1,1,69000,69000,
Commercial,,Office,11.55,104.92,Phnom Penh,Chamkarmon,,,,,,,,,,,3,,,,,"Wednesday, December 2, 2020"
Condo/Apartment,,,11.58558223,104.9033976,,Toul Kork,,,,,,,,,,,0,1,1,400,400,
Condo/Apartment,,,11.55932846,104.9375198,,Chamkarmon,,,,,,,,,,,0,1,1,650,650,
Condo/Apartment,,,13.36535737,103.8606955,,Siem Reap City,,,,,,Middle,,,,,0,1,1,500,500,
Condo/Apartment,,,11.60142399,104.8977131,,Russey Keo,,,,,,Middle,,,,,20,1,1,800,800,
Condo/Apartment,,,11.56277003,104.9238553,,Boeng Keng Kang,,,,,,,,,,,0,2,1,1350,1350,
Condo/Apartment,,,11.59106501,104.8931318,,Toul Kork,,,,,,,,,,,88,3,2,1200,1200,
Commercial,,Office,11.56,104.92,Phnom Penh,7 Makara,,,,,,,,,,,25,,,1800,,"Wednesday, November 3, 2021"
Residential,,TwinVilla,11.51,104.93,Phnom Penh,Chbar Ampov,,,,,,,,,,,2,,,575000,,"Thursday, February 24, 2022"
Condo/Apartment,,,11.59406728,104.8746733,,SenSok,,,,,,,,,,,20,2,3,1200,1200,
Condo/Apartment,,,11.5813514,104.8891184,,Toul Kork,,,,,,,,,,,11,3,3,1000,1000,
Commercial,,Office,11.54,104.92,Phnom Penh,Chamkarmon,,,,,,,,,,,15,,,,,"Tuesday, April 20, 2021"
Residential,,Condominium,11.55,104.93,Phnom Penh,Toul Kork,,,,,,,,,,,,,,109000,,"Tuesday, March 31, 2020"
Commercial,,Office,11.579,104.8995,Phnom Penh,Toul Kork,,,,,,,,,,,17,,,17,,"Monday, February 21, 2022"
Commercial,,RetailProject,11.56,104.92,Phnom Penh,Daun Penh,,,,,,,,,,,,,,,,"Tuesday, February 9, 2021"
Residential,,Condominium,11.59,104.89,Phnom Penh,Sen Sok,,,,,,,,,,,26,,,56000,,"Wednesday, May 27, 2020"
Hotel/Resort,,,13.36536516,103.8606861,,Siem Reap City,,,,,,Middle,,,,,0,34,30,1700000,1700000,
Condo/Apartment,,,11.59009417,104.8713876,,SenSok,,,,,,,,,,,200,1,2,700,700,
Condo/Apartment,,,11.58852044,104.9012026,,Toul Kork,,,,,,,,,,,0,2,2,1200,1200,
Residential,,Condominium,11.55,104.93,Phnom Penh,Chamkarmon,,,,,,,,,,,15,,,320000,,"Monday, March 16, 2020"
Residential,,Condominium,11.55,104.93,Phnom Penh,Sen Sok,,,,,,,,,,,19,,,84000,,"Friday, April 17, 2020"
Commercial,,CoworkingSpace,11.58,104.91,Phnom Penh,Daun Penh,,,,,,,,,,,2,,,132,,"Wednesday, May 26, 2021"
Condo/Apartment,,,11.56554408,104.9236338,,Doun Penh,,,,,,,,,,,0,1,2,800,800,
Residential,,SingleVilla,18,27,Phnom Penh,Meanchey,,,,,,,,,,,3,,,2500,,"Tuesday, June 2, 2020"
Condo/Apartment,,,11.52940481,104.9284693,,Meanchey,,,,,,Middle,,,,,0,2,1,600,600,
Residential,,Condominium,11.55,104.92,Phnom Penh,Chamkarmon,,,,,,,,,,,25,,,209000,,"Monday, March 23, 2020"
Commercial,,ServicedOffice,11.57,104.92,Phnom Penh,Daun Penh,,,,,,,,,,,1,,,150,,"Saturday, June 5, 2021"
Commercial,,Office,11.58,104.89,Phnom Penh,Toul Kork,,,,,,,,,,,7,,,,,"Wednesday, June 17, 2020"
Condo/Apartment,,,11.54854897,104.918955,,Chamkarmon,,,,,,,,,,,11,2,2,1100,1100,
Condo/Apartment,,,11.5442993,104.9094414,,Meanchey,,,,,,Middle,,,,,0,1,1,500,500,
Condo/Apartment,,,11.55891058,104.9177352,,Boeng Keng Kang,,,,,,Corner,,,,,0,2,2,750,750,
Condo/Apartment,,,11.56032058,104.9318281,,Chamkarmon,,,,,,,,,,,7,2,2,1350,1350,
Commercial,,Warehousing,11.58,104.84,Phnom Penh,Sen Sok,,,,,,,,,,,,,,905500,,"Monday, January 11, 2021"
Condo/Apartment,,,11.59048853,104.8738291,,SenSok,,,,,,,,,,,20,2,3,1200,1200,
Land,,,13.35956001,103.9504673,,Prasat Bakong,,,,,,,,,,,0,0,0,10000,100,
Condo/Apartment,,,13.36535382,103.8606911,,Siem Reap City,,,,,,Middle,,,,,0,1,1,300,300,
Condo/Apartment,,,11.59046671,104.8738482,,SenSok,,,,,,,,,,,0,1,2,600,600,
Condo/Apartment,,,11.60243294,104.8973698,,Russey Keo,,,,,,Middle,,,,,20,1,1,650,650,
Condo/Apartment,,,11.56151855,104.9306931,,Chamkarmon,,,,,,,,,,,0,2,2,1600,1600,
Residential,,Condominium,11.61,104.9,Phnom Penh,Sen Sok,,,,,,,,,,,12,,,77000,,"Wednesday, June 16, 2021"
Residential,,Condominium,11.56,104.91,Phnom Penh,7 Makara,,,,,,,,,,,,,,707200,,"Monday, March 16, 2020"
Condo/Apartment,,,11.57463139,104.8927006,,Toul Kork,,,,,,,,,,,0,1,1,900,900,
Residential,,Condominium,11.55,104.93,Phnom Penh,Chroy Changvar,,,,,,,,,,,,,,134916,,"Wednesday, July 14, 2021"
Residential,,Condominium,11.55,104.93,Phnom Penh,Chamkarmon,,,,,,,,,,,,,,108000,,"Friday, February 7, 2020"
Residential,,Condominium,11.57,104.9,Phnom Penh,Toul Kork,,,,,,,,,,,31,,,225000,,"Thursday, March 26, 2020"
Residential,,SingleVilla,11.55,104.93,Kampot,,,,,,,,,,,,,,,249000,,"Friday, March 12, 2021"
Residential,,Condominium,11.55,104.93,Phnom Penh,Chamkarmon,,,,,,,,,,,47,,,200000,,"Monday, March 16, 2020"
Residential,,Shophouse,11.55,104.93,Phnom Penh,Sen Sok,,,,,,,,,,,,,,150800,,"Thursday, March 5, 2020"
Residential,,Condominium,11.54,104.93,Phnom Penh,Chamkarmon,,,,,,,,,,,7,,,340000,,"Tuesday, September 21, 2021"
Condo/Apartment,,,11.56063282,104.9274309,,Boeng Keng Kang,,,,,,,,,,,0,1,1,700,700,
Commercial,,RetailProject,11.58,104.9,Phnom Penh,Toul Kork,,,,,,,,,,,20,,,,,"Tuesday, June 8, 2021"
Condo/Apartment,,,11.59044966,104.8738424,,SenSok,,,,,,Middle,,,,,0,1,2,600,600,
Hotel/Resort,,,13.36535377,103.8606996,,Siem Reap City,,,,,,Middle,,,,,3,26,28,1800000,1800000,
Commercial,,Office,11.56,104.9,Phnom Penh,Toul Kork,,,,,,,,,,,36,,,25,,"Tuesday, February 1, 2022"
Commercial,,Office,11.53,104.87,Phnom Penh,Meanchey,,,,,,,,,,,9,,,15,,"Monday, November 15, 2021"
Condo/Apartment,,,11.58797065,104.8913703,,Toul Kork,,,,,,,,,,,0,1,1,1200,1200,
Condo/Apartment,,,11.5593469,104.9375362,,Chamkarmon,,,,,,,,,,,0,1,1,650,650,
Condo/Apartment,,,11.59051189,104.8738728,,SenSok,,,,,,,,,,,20,1,2,650,650,
Residential,,AgriculturalLand,13.39,103.73,Siem Reap,Puok,,,,,,,,,,,,,,,,"Friday, January 28, 2022"
Residential,,Condominium,11.54,104.93,Phnom Penh,Chamkarmon,,,,,,,,,,,18,,,600000,,"Sunday, August 22, 2021"
Residential,,TwinVilla,11.54,104.92,Phnom Penh,Meanchey,,,,,,,,,,,5,,,400000,,"Saturday, July 18, 2020"
Residential,,Condominium,11.55,104.93,Phnom Penh,Chroy Changvar,,,,,,,,,,,12,,,146784,,"Friday, February 28, 2020"
Commercial,,Office,11.54,104.93,Phnom Penh,Chamkarmon,,,,,,,,,,,6,,,16,,"Thursday, December 17, 2020"
Commercial,,RetailProject,11.58,104.91,Phnom Penh,Daun Penh,,,,,,,,,,,4,,,,,"Monday, June 14, 2021"
Condo/Apartment,,,13.36536725,103.8606799,,Siem Reap City,,,,,,Middle,,,,,0,1,1,450,450,
Condo/Apartment,,,11.5459441,104.9162104,,Chamkarmon,,,,,,,,,,,0,2,2,700,700,
Condo/Apartment,,,11.57934577,104.889416,,Toul Kork,,,,,,,,,,,14,1,2,700,700,
Condo/Apartment,,,11.53888994,104.9171701,,Chamkarmon,,,,,,,,,,,0,2,1,800,800,
Commercial,,Office,11.55,104.91,Phnom Penh,Chamkarmon,,,,,,,,,,,7,,,,,"Wednesday, June 17, 2020"
Residential,,Condominium,11.59,104.93,Phnom Penh,Chroy Changvar,,,,,,,,,,,19,,,216000,,"Tuesday, September 28, 2021"
Commercial,,Office,11.56,104.92,Phnom Penh,Daun Penh,,,,,,,,,,,3,,,24,,"Saturday, June 5, 2021"
Residential,,SingleVilla,11.56,104.93,Phnom Penh,Daun Penh,,,,,,,,,,,3,,,2800000,,"Tuesday, January 18, 2022"
House/Villa,,,11.53410143,104.9037878,,Meanchey,,,,,,Middle,,,,,2,4,4,160000,160000,
Residential,,Condominium,11.55,104.91,Phnom Penh,Chamkarmon,,,,,,,,,,,1,,,109000,,"Tuesday, November 2, 2021"
Commercial,,Office,11.58,104.9,Phnom Penh,Toul Kork,,,,,,,,,,,2,,,6000,,"Wednesday, September 1, 2021"
Condo/Apartment,,,11.58912885,104.8918774,,Toul Kork,,,,,,,,,,,0,2,2,850,850,
Commercial,,Office,11.6,104.93,Phnom Penh,Chroy Changvar,,,,,,,,,,,19,,,15,,"Friday, January 21, 2022"
Condo/Apartment,,,11.58852225,104.9012053,,Toul Kork,,,,,,,,,,,0,3,2,1400,1400,
Condo/Apartment,,,11.59549691,104.932665,,Chroy Changvar,,,,,,Middle,,,,,0,1,1,550,550,
Condo/Apartment,,,11.5294762,104.9285904,,Meanchey,,,,,,Corner,,,,,0,2,1,650,650,
Commercial,,RetailProject,11.52,104.93,Phnom Penh,Meanchey,,,,,,,,,,,22,,,,,"Monday, August 30, 2021"
Residential,,Condominium,11.59,104.93,Phnom Penh,Chroy Changvar,,,,,,,,,,,25,,,438464,,"Saturday, August 8, 2020"
Condo/Apartment,,,11.59800575,104.8738393,,SenSok,,,,,,Corner,,,,,20,1,2,135000,135000,
Commercial,,Warehousing,11.51,104.94,Phnom Penh,Chbar Ampov,,,,,,,,,,,,,,3,,"Tuesday, November 16, 2021"
Condo/Apartment,,,11.60209662,104.8983998,,Russey Keo,,,,,,Corner,,,,,20,1,1,550,550,
Condo/Apartment,,,11.59032677,104.8737884,,SenSok,,,,,,Corner,,,,,20,3,4,3000,3000,
Condo/Apartment,,,11.59801476,104.8738317,,SenSok,,,,,,,,,,,20,3,2,1400,1400,
Residential,,ServicedApartment,11.55,104.92,Phnom Penh,Chamkarmon,,,,,,,,,,,1,,,2900,,"Thursday, January 6, 2022"
Condo/Apartment,,,11.53963527,104.925344,,Chamkarmon,,,,,,,,,,,0,8,9,4500,4500,
Condo/Apartment,,,11.55644754,104.9307793,,Chamkarmon,,,,,,Corner,,,,,36,5,7,25000,25000,
Condo/Apartment,,,11.56278027,104.9238518,,Boeng Keng Kang,,,,,,,,,,,0,1,1,1200,1200,
Residential,,Condominium,11.58,104.93,Phnom Penh,Chroy Changvar,,,,,,,,,,,22,,,109489,,"Wednesday, October 28, 2020"
Commercial,,Office,11.55,104.93,Phnom Penh,Chamkarmon,,,,,,,,,,,1,,,10,,"Tuesday, September 28, 2021"
Residential,,Condominium,11.54,104.92,Phnom Penh,Chamkarmon,,,,,,,,,,,10,,,330000,,"Tuesday, September 28, 2021"
Condo/Apartment,,,11.59049927,104.8738294,,SenSok,,,,,,,,,,,0,2,3,1200,1200,
Commercial,,Office,11.54,104.92,Phnom Penh,Chamkarmon,,,,,,,,,,,,,,14,,"Saturday, June 5, 2021"
Residential,,Condominium,11.55,104.93,Phnom Penh,Chroy Changvar,,,,,,,,,,,19,,,102419,,"Friday, February 28, 2020"
Commercial,,Shophouse,11.54,104.94,Phnom Penh,Chamkarmon,,,,,,,,,,,7,,,9,,"Friday, October 8, 2021"
Commercial,,Office,11.55,104.92,Phnom Penh,Chamkarmon,,,,,,,,,,,10,,,,,"Wednesday, February 26, 2020"
Hotel/Resort,,,13.3653613,103.8606751,,Siem Reap City,,,,,,Middle,,,,,2,22,25,3150000,3150000,
Condo/Apartment,,,11.55933146,104.9378405,,Chamkarmon,,,,,,,,,,,0,1,1,650,650,
Commercial,,Office,11.55,104.9,Phnom Penh,Chamkarmon,,,,,,,,,,,8,,,5640,,"Friday, April 10, 2020"
Commercial,,Industrial,11.49,104.63,Kampong Speu,Samraong Tong,,,,,,,,,,,,,,26300,,"Monday, January 11, 2021"
Condo/Apartment,,,11.57557068,104.9242843,,Doun Penh,,,,,,,,,,,0,3,2,4300,4300,
Condo/Apartment,,,11.59052815,104.8738423,,SenSok,,,,,,Middle,,,,,20,2,3,220000,220000,
Condo/Apartment,,,11.55230216,104.924576,,Boeng Keng Kang,,,,,,,,,,,0,1,1,1120,1120,
Residential,,Condominium,11.59,104.89,Phnom Penh,Sen Sok,,,,,,,,,,,,,,160000,,"Friday, March 13, 2020"
Condo/Apartment,,,11.56269314,104.924556,,Boeng Keng Kang,,,,,,,,,,,0,1,1,850,850,
Residential,,KingVilla,18,27,Phnom Penh,Meanchey,,,,,,,,,,,3,,,880000,,"Friday, June 5, 2020"
Condo/Apartment,,,11.59026673,104.8706745,,SenSok,,,,,,,,,,,20,1,2,600,600,
Shophouse/Commercial,,,11.5445057,104.9094653,,Meanchey,,,,,,,,,,,0,0,0,490,490,
Condo/Apartment,,,11.54448434,104.9094534,,Meanchey,,,,,,Corner,,,,,0,1,1,600,600,
House/Villa,,,11.53342173,104.9100084,,Meanchey,,,,,,,,,,,2,0,8,1300000,1300000,
Condo/Apartment,,,11.59637918,104.932732,,Chroy Changvar,,,,,,,,,,,0,2,1,700,700,
Condo/Apartment,,,11.56227514,104.9190903,,Boeng Keng Kang,,,,,,,,,,,0,1,1,800,800,
Commercial,,Office,11.57,104.93,Phnom Penh,Chroy Changvar,,,,,,,,,,,7,,,5,,"Monday, June 28, 2021"
Residential,,Condominium,11.55,104.92,Phnom Penh,Chamkarmon,,,,,,,,,,,,,,138615,,"Sunday, February 9, 2020"
Commercial,,Office,11.57,104.92,Phnom Penh,Daun Penh,,,,,,,,,,,3,,,15,,"Tuesday, February 22, 2022"
Commercial,,Office,11.55,104.92,Phnom Penh,Chamkarmon,,,,,,,,,,,5,,,15,,"Tuesday, December 1, 2020"
Residential,,Condominium,11.55,104.93,Phnom Penh,Chamkarmon,,,,,,,,,,,,,,190300,,"Friday, February 7, 2020"
Commercial,,RetailProject,11.55,104.88,Phnom Penh,Sen Sok,,,,,,,,,,,3,,,,,"Wednesday, November 25, 2020"
Condo/Apartment,,,11.56854998,104.9257528,,Doun Penh,,,,,,,,,,,0,1,1,1600,1600,
Condo/Apartment,,,11.59039109,104.8739114,,SenSok,,,,,,Corner,,,,,20,1,2,600,600,
Residential,,Condominium,11.55,104.93,Phnom Penh,Chroy Changvar,,,,,,,,,,,,,,89000,,"Wednesday, May 20, 2020"
Commercial,,Office,11.56,104.93,Phnom Penh,Chamkarmon,,,,,,,,,,,3,,,15,,"Wednesday, February 9, 2022"
Commercial,,Office,11.57,104.88,Phnom Penh,Sen Sok,,,,,,,,,,,4,,,,,"Wednesday, June 17, 2020"
Condo/Apartment,,,11.55231414,104.9245306,,Boeng Keng Kang,,,,,,,,,,,15,3,3,1900,1900,
Condo/Apartment,,,11.59339465,104.8746733,,SenSok,,,,,,,,,,,20,1,2,600,600,
Commercial,,Office,11.55,104.94,Phnom Penh,Chamkarmon,,,,,,,,,,,55,,,15,,"Friday, January 28, 2022"
Residential,,Shophouse,11.54,104.86,Phnom Penh,Meanchey,,,,,,,,,,,4,,,435510,,"Sunday, June 20, 2021"
House/Villa,,,11.50135345,104.8795877,,Dangkao,,,,,,Corner,,,,,3,4,5,120000,120000,
Condo/Apartment,,,11.59024871,104.8738307,,SenSok,,,,,,Middle,,,,,20,1,1,600,600,
Condo/Apartment,,,11.56052033,104.925938,,Boeng Keng Kang,,,,,,,,,,,0,2,2,1900,1900,
Condo/Apartment,,,11.56055351,104.9259401,,Boeng Keng Kang,,,,,,,,,,,0,1,1,1100,1100,
Condo/Apartment,,,11.54440966,104.907662,,Meanchey,,,,,,Middle,,,,,0,1,1,350,350,
Condo/Apartment,,,11.59043864,104.8738278,,SenSok,,,,,,Middle,,,,,20,1,1,650,650,
Condo/Apartment,,,11.53959738,104.9253742,,Chamkarmon,,,,,,,,,,,0,2,2,1850,1850,
Commercial,,Office,11.56,104.92,Phnom Penh,Daun Penh,,,,,,,,,,,4,,,,,"Wednesday, June 17, 2020"
Condo/Apartment,,,13.36535932,103.8606926,,Siem Reap City,,,,,,Middle,,,,,0,2,2,500,500,
Residential,,Condominium,11.55,104.87,Phnom Penh,Sen Sok,,,,,,,,,,,18,,,85000,,"Wednesday, May 26, 2021"
Residential,,Condominium,11.55,104.93,Phnom Penh,Chamkarmon,,,,,,,,,,,,,,328000,,"Sunday, April 4, 2021"
Condo/Apartment,,,11.52935036,104.9288038,,Meanchey,,,,,,,,,,,0,2,1,110000,110000,
Condo/Apartment,,,11.56176174,104.9256485,,Boeng Keng Kang,,,,,,,,,,,0,2,2,1600,1600,
Commercial,,Office,11.55,104.93,Phnom Penh,Chamkarmon,,,,,,,,,,,3,,,,,"Tuesday, August 25, 2020"
Residential,,Condominium,11.54,104.92,Phnom Penh,Chamkarmon,,,,,,,,,,,,,,162355,,"Friday, February 7, 2020"
Commercial,,Office,11.56,104.93,Phnom Penh,Daun Penh,,,,,,,,,,,12,,,3377,,"Wednesday, September 2, 2020"
Commercial,,Office,11.55,104.92,Phnom Penh,Chamkarmon,,,,,,,,,,,6,,,,,"Friday, September 11, 2020"
Condo/Apartment,,,11.59542811,104.9327531,,Chroy Changvar,,,,,,Middle,,,,,0,1,1,550,550,
Residential,,SingleVilla,11.55,104.93,Phnom Penh,Meanchey,,,,,,,,,,,,,,346800,,"Monday, June 7, 2021"
Condo/Apartment,,,11.54376716,104.9274903,,Chamkarmon,,,,,,,,,,,0,2,2,1700,1700,
Residential,,Condominium,11.55,104.93,Phnom Penh,Chroy Changvar,,,,,,,,,,,22,,,279176,,"Thursday, February 27, 2020"
Condo/Apartment,,,11.55751823,104.9273291,,Boeng Keng Kang,,,,,,,,,,,0,1,2,1800,1800,
Residential,,Condominium,11.55,104.93,Phnom Penh,Chamkarmon,,,,,,,,,,,45,,,153405,,"Saturday, July 18, 2020"
Condo/Apartment,,,11.56011148,104.9278145,,Boeng Keng Kang,,,,,,,,,,,0,1,1,650,650,
Residential,,Condominium,11.55,104.93,Phnom Penh,Chamkarmon,,,,,,,,,,,29,,,204908,,"Thursday, November 26, 2020"
Condo/Apartment,,,11.54431092,104.9075822,,Meanchey,,,,,,Middle,,,,,15,1,1,500,500,
Condo/Apartment,,,11.60276926,104.8977131,,Russey Keo,,,,,,Corner,,,,,20,1,1,550,550,
Commercial,,Office,11.55,104.93,Phnom Penh,Daun Penh,,,,,,,,,,,3,,,8500,,"Friday, July 17, 2020"
Commercial,,RetailProject,11.57,104.93,Phnom Penh,Daun Penh,,,,,,,,,,,4,,,,,"Tuesday, November 3, 2020"
Commercial,,RetailProject,11.59,104.89,Phnom Penh,Toul Kork,,,,,,,,,,,7,,,,,"Tuesday, November 3, 2020"
Residential,,Condominium,11.55,104.92,Phnom Penh,Chamkarmon,,,,,,,,,,,,,,126000,,"Thursday, May 20, 2021"
Commercial,,Office,11.57,104.89,Phnom Penh,Toul Kork,,,,,,,,,,,16,,,,,"Friday, April 17, 2020"
Commercial,,Office,11.57,104.9,Phnom Penh,Toul Kork,,,,,,,,,,,8,,,10,,"Friday, October 8, 2021"
Condo/Apartment,,,11.54368917,104.927388,,Chamkarmon,,,,,,,,,,,0,1,1,1150,1150,
Residential,,Land,11.46,104.97,Battambang,Ta Khmau,,,,,,,,,,,,,,239760,,"Wednesday, June 16, 2021"
Commercial,,Office,11.57,104.9,Phnom Penh,Toul Kork,,,,,,,,,,,29,,,,,"Monday, January 31, 2022"
Residential,,StandAloneVilla,11.47,104.94,Phnom Penh,Meanchey,,,,,,,,,,,2,,,680000,,"Friday, January 21, 2022"
Commercial,,Office,11.56,104.88,Phnom Penh,Sen Sok,,,,,,,,,,,10,,,,,"Wednesday, June 17, 2020"
Residential,,Condominium,11.55,104.93,Phnom Penh,Chamkarmon,,,,,,,,,,,15,,,126000,,"Thursday, March 5, 2020"
Condo/Apartment,,,11.57927987,104.8894396,,Toul Kork,,,,,,,,,,,14,2,3,1200,1200,
Residential,,Condominium,11.55,104.93,Phnom Penh,Chamkarmon,,,,,,,,,,,6,,,250000,,"Thursday, August 19, 2021"
Commercial,,Office,11.57,104.92,Phnom Penh,Daun Penh,,,,,,,,,,,11,,,23,,"Thursday, September 30, 2021"
Residential,,Condominium,11.55,104.93,Sihanoukville,,,,,,,,,,,,,,,57318,,"Sunday, February 9, 2020"
Residential,,SingleVilla,11.54,104.89,Phnom Penh,Chbar Ampov,,,,,,,,,,,,,,470000,,"Friday, February 7, 2020"
Commercial,,Office,11.55,104.93,Phnom Penh,Chamkarmon,,,,,,,,,,,16,,,,,"Wednesday, June 17, 2020"
Condo/Apartment,,,11.56214524,104.9239265,,Boeng Keng Kang,,,,,,,,,,,0,1,1,1000,1000,
Commercial,,CommercialVilla,35,37,Phnom Penh,Daun Penh,,,,,,,,,,,3,,,8000,,"Sunday, November 15, 2020"
Residential,,Condominium,11.55,104.92,Phnom Penh,Chamkarmon,,,,,,,,,,,26,,,192350,,"Tuesday, September 21, 2021"
Condo/Apartment,,,11.56207952,104.923775,,Boeng Keng Kang,,,,,,,,,,,0,1,1,1300,1300,
Condo/Apartment,,,11.55906457,104.9177649,,Boeng Keng Kang,,,,,,,,,,,0,1,1,600,600,
Commercial,,Office,11.559,104.9195,Phnom Penh,7 Makara,,,,,,,,,,,15,,,24,,"Monday, February 7, 2022"
Commercial,,Office,11.549,104.9295,Phnom Penh,Chamkarmon,,,,,,,,,,,15,,,,,"Wednesday, May 20, 2020"
Commercial,,Office,11.59,104.89,Phnom Penh,Toul Kork,,,,,,,,,,,6,,,18,,"Tuesday, January 25, 2022"
Residential,,Condominium,11.54,104.92,Phnom Penh,Chamkarmon,,,,,,,,,,,3,,,230000,,"Sunday, June 20, 2021"
Commercial,,Office,11.599,104.8795,Phnom Penh,Sen Sok,,,,,,,,,,,4,,,1500,,"Friday, May 7, 2021"
Condo/Apartment,,,11.5889601,104.9027177,,Toul Kork,,,,,,,,,,,0,2,2,300000,300000,
Condo/Apartment,,,11.56227239,104.9190585,,Boeng Keng Kang,,,,,,,,,,,0,2,1,1000,1000,
Residential,,TwinVilla,11.6,104.89,Phnom Penh,Russey Keo,,,,,,,,,,,,,,380000,,"Friday, June 5, 2020"
Condo/Apartment,,,11.59339465,104.8746733,,SenSok,,,,,,,,,,,20,2,3,1600,1600,
Condo/Apartment,,,11.55338293,104.9303529,,Chamkarmon,,,,,,,,,,,0,1,1,120000,120000,
Commercial,,Office,11.58,104.9,Phnom Penh,Toul Kork,,,,,,,,,,,11,,,12,,"Thursday, September 23, 2021"
Commercial,,Office,11.57,104.89,Phnom Penh,Toul Kork,,,,,,,,,,,4,,,,,"Wednesday, June 17, 2020"
Condo/Apartment,,,11.60361004,104.8958248,,Russey Keo,,,,,,Middle,,,,,20,1,1,550,550,
Commercial,,Shophouse,11.56,104.91,Phnom Penh,7 Makara,,,,,,,,,,,9,,,3174449,,"Wednesday, April 28, 2021"
Commercial,,CommercialBuilding,11.56,104.9,Phnom Penh,Toul Kork,,,,,,,,,,,3,,,12000,,"Tuesday, May 11, 2021"
Condo/Apartment,,,11.5444393,104.9076231,,Meanchey,,,,,,Corner,,,,,0,1,1,600,600,
Condo/Apartment,,,11.57462032,104.892718,,Toul Kork,,,,,,,,,,,0,2,2,151300,1700,
Condo/Apartment,,,11.54661821,104.9188448,,Chamkarmon,,,,,,,,,,,0,2,2,1350,1350,
Commercial,,Office,11.56,104.9,Phnom Penh,Toul Kork,,,,,,,,,,,11,,,,,"Friday, April 10, 2020"
Commercial,,Office,11.55,104.93,Phnom Penh,Chamkarmon,,,,,,,,,,,10,,,35000,,"Wednesday, February 9, 2022"
Residential,,Condominium,11.55,104.93,Phnom Penh,7 Makara,,,,,,,,,,,39,,,210000,,"Wednesday, March 25, 2020"
Condo/Apartment,,,11.5585457,104.9303686,,Chamkarmon,,,,,,,,,,,0,2,2,1000,1000,
Condo/Apartment,,,11.59272201,104.8746733,,SenSok,,,,,,,,,,,20,1,2,600,600,
Condo/Apartment,,,11.56227348,104.9190698,,Boeng Keng Kang,,,,,,,,,,,0,3,2,2650,2650,
Condo/Apartment,,,11.59771819,104.8737981,,SenSok,,,,,,Corner,,,,,21,1,2,104000,104000,
Residential,,Condominium,11.569,104.9095,Phnom Penh,Meanchey,,,,,,,,,,,51,,,189990,,"Wednesday, April 22, 2020"
Commercial,,Office,11.55,104.92,Phnom Penh,Chamkarmon,,,,,,,,,,,3,,,,,"Wednesday, June 17, 2020"
Condo/Apartment,,,11.55905574,104.9177801,,Boeng Keng Kang,,,,,,,,,,,0,2,2,1100,1100,
Commercial,,Office,11.52,104.93,Phnom Penh,Meanchey,,,,,,,,,,,6,,,8,,"Monday, September 27, 2021"
Condo/Apartment,,,11.59049846,104.873831,,SenSok,,,,,,,,,,,20,1,2,650,650,
Condo/Apartment,,,11.6017603,104.8977131,,Russey Keo,,,,,,Middle,,,,,20,1,1,600,600,
Commercial,,Office,11.57,104.92,Phnom Penh,Daun Penh,,,,,,,,,,,4,,,28,,"Wednesday, December 1, 2021"
Condo/Apartment,,,13.36536721,103.8606989,,Siem Reap City,,,,,,Corner,,,,,4,3,2,95000,95000,
Residential,,Condominium,11.59,104.87,Phnom Penh,Sen Sok,,,,,,,,,,,20,,,462000,,"Monday, March 30, 2020"
Commercial,,Office,11.56,104.91,Phnom Penh,7 Makara,,,,,,,,,,,2,,,60,,"Wednesday, June 3, 2020"
Condo/Apartment,,,11.52930631,104.9287066,,Meanchey,,,,,,Middle,,,,,0,1,1,89000,89000,
Residential,,Condominium,11.55,104.93,Sihanoukville,,,,,,,,,,,,,,,64800,,"Sunday, February 9, 2020"
Residential,,Condominium,11.57,104.85,Phnom Penh,Sen Sok,,,,,,,,,,,10,,,155700,,"Thursday, April 29, 2021"
Commercial,,Office,11.539,104.8995,Phnom Penh,Chamkarmon,,,,,,,,,,,10,,,,,"Wednesday, May 20, 2020"
Condo/Apartment,,,11.52920501,104.9287754,,Meanchey,,,,,,Middle,,,,,0,1,1,650,650,
Residential,,ServicedApartment,11.55,104.93,Phnom Penh,Chamkarmon,,,,,,,,,,,9,,,2200,,"Tuesday, December 28, 2021"
Commercial,,Office,11.56,104.91,Phnom Penh,7 Makara,,,,,,,,,,,20,,,,,"Wednesday, March 3, 2021"
Residential,,Condominium,11.55,104.93,Phnom Penh,Chamkarmon,,,,,,,,,,,28,,,172800,,"Tuesday, October 13, 2020"
Condo/Apartment,,,13.36534283,103.8606822,,Siem Reap City,,,,,,Middle,,,,,0,1,2,280,280,
Condo/Apartment,,,11.55657897,104.9232208,,Boeng Keng Kang,,,,,,Middle,,,,,0,1,1,900,900,
Condo/Apartment,,,11.59139528,104.9382944,,Chroy Changvar,,,,,,Middle,,,,,0,2,2,0,1400,
Commercial,,Land,13.359,103.8495,Siem Reap,,,,,,,,,,,,,,,12000,,"Tuesday, April 20, 2021"
Condo/Apartment,,,11.56053719,104.9271571,,Boeng Keng Kang,,,,,,,,,,,0,2,2,1100,1100,
Commercial,,Office,11.55,104.93,Phnom Penh,Chamkarmon,,,,,,,,,,,6,,,14,,"Tuesday, September 8, 2020"
Condo/Apartment,,,11.56210359,104.923774,,Boeng Keng Kang,,,,,,,,,,,0,1,1,1000,1000,
Condo/Apartment,,,11.58561155,104.9033554,,Toul Kork,,,,,,,,,,,0,2,2,550,550,
Condo/Apartment,,,11.59563359,104.9324427,,Chroy Changvar,,,,,,Middle,,,,,0,1,1,550,550,
Commercial,,Office,11.539,104.9095,Phnom Penh,Chamkarmon,,,,,,,,,,,6,,,15,,"Monday, February 21, 2022"
Commercial,,Office,11.55,104.9,Phnom Penh,Toul Kork,,,,,,,,,,,6,,,13,,"Monday, February 14, 2022"
Commercial,,Office,11.57,104.89,Phnom Penh,Toul Kork,,,,,,,,,,,10,,,,,"Wednesday, June 17, 2020"
Condo/Apartment,,,13.36536927,103.8606942,,Siem Reap City,,,,,,Middle,,,,,0,2,2,500,500,
Condo/Apartment,,,11.49816758,104.9228137,,Meanchey,,,,,,,,,,,23,2,1,700,700,
Condo/Apartment,,,11.59024682,104.8711361,,SenSok,,,,,,,,,,,20,1,2,600,600,
Commercial,,Office,11.559,104.8995,Phnom Penh,Toul Kork,,,,,,,,,,,4,,,,,"Wednesday, May 20, 2020"
Commercial,,Office,11.55,104.91,Phnom Penh,Chamkarmon,,,,,,,,,,,11,,,6800,,"Friday, February 12, 2021"
Condo/Apartment,,,11.53958269,104.9253895,,Chamkarmon,,,,,,,,,,,0,1,1,550,550,
Commercial,,Warehousing,11.54,104.87,Phnom Penh,Sen Sok,,,,,,,,,,,,,,6400,,"Tuesday, November 23, 2021"
Residential,,TwinVilla,11.44,104.9,Phnom Penh,Dangkao,,,,,,,,,,,,,,273800,,"Wednesday, June 23, 2021"
Residential,,Condominium,11.57,104.89,Phnom Penh,Toul Kork,,,,,,,,,,,29,,,90000,,"Tuesday, June 30, 2020"
Condo/Apartment,,,11.5979162,104.8738362,,SenSok,,,,,,Corner,,,,,20,1,2,0,120000,
Condo/Apartment,,,11.58841279,104.8929017,,Toul Kork,,,,,,,,,,,0,1,1,900,900,
Commercial,,RetailProject,11.56,104.92,Phnom Penh,Daun Penh,,,,,,,,,,,4,,,,,"Tuesday, November 3, 2020"
Commercial,,Office,11.55,104.94,Phnom Penh,Chamkarmon,,,,,,,,,,,12,,,,,"Wednesday, June 17, 2020"
Commercial,,Office,11.57,104.92,Phnom Penh,Daun Penh,,,,,,,,,,,7,,,,,"Wednesday, February 26, 2020"
Commercial,,Industrial,11.42,104.98,Battambang,Ta Khmau,,,,,,,,,,,,,,5600,,"Friday, February 18, 2022"
Commercial,,Office,11.55,104.94,Phnom Penh,Chamkarmon,,,,,,,,,,,41,,,,,"Friday, October 8, 2021"
Commercial,,RetailProject,10.61,103.52,Sihanoukville,,,,,,,,,,,,5,,,,,"Tuesday, June 8, 2021"
Condo/Apartment,,,11.55780937,104.9301247,,Chamkarmon,,,,,,,,,,,11,1,1,500,500,
Commercial,,Office,11.55,104.94,Phnom Penh,Chamkarmon,,,,,,,,,,,46,,,25,,"Friday, October 8, 2021"
Condo/Apartment,,,11.59087225,104.8708109,,SenSok,,,,,,,,,,,20,1,2,600,600,
Condo/Apartment,,,11.57557068,104.9242843,,Doun Penh,,,,,,,,,,,0,2,2,3500,3500,
Commercial,,Office,11.56,104.92,Phnom Penh,Daun Penh,,,,,,,,,,,3,,,15,,"Wednesday, September 29, 2021"
Commercial,,RetailProject,11.55,104.92,Phnom Penh,Chamkarmon,,,,,,,,,,,,,,392143,,"Thursday, July 1, 2021"
Commercial,,Land,13.599,103.9495,Siem Reap,Banteay Srei,,,,,,,,,,,,,,64562,,"Wednesday, April 22, 2020"
Residential,,Condominium,11.55,104.93,Phnom Penh,Toul Kork,,,,,,,,,,,,,,180000,,"Friday, March 13, 2020"
Commercial,,Office,11.55,104.92,Phnom Penh,Chamkarmon,,,,,,,,,,,17,,,15,,"Tuesday, February 15, 2022"
Commercial,,Office,11.55,104.91,Phnom Penh,Chamkarmon,,,,,,,,,,,22,,,16,,"Tuesday, November 23, 2021"
Commercial,,Office,11.55,104.93,Phnom Penh,7 Makara,,,,,,,,,,,7,,,20,,"Thursday, September 30, 2021"
Condo/Apartment,,,11.59048236,104.8738419,,SenSok,,,,,,,,,,,20,2,3,1200,1200,
Condo/Apartment,,,11.59044858,104.8738156,,SenSok,,,,,,Middle,,,,,20,1,1,650,650,
Commercial,,Office,11.54,104.91,Phnom Penh,Chamkarmon,,,,,,,,,,,9,,,,,"Tuesday, April 27, 2021"
Condo/Apartment,,,11.56227591,104.9190587,,Boeng Keng Kang,,,,,,,,,,,0,4,2,4100,4100,
Commercial,,Office,11.55,104.93,Phnom Penh,Chamkarmon,,,,,,,,,,,20,,,25,,"Monday, February 21, 2022"
Commercial,,Office,11.58,104.9,Phnom Penh,Toul Kork,,,,,,,,,,,12,,,8,,"Wednesday, September 29, 2021"
Commercial,,Office,11.57,104.92,Phnom Penh,Daun Penh,,,,,,,,,,,39,,,28,,"Tuesday, January 11, 2022"
Residential,,Condominium,11.58,104.9,Phnom Penh,Toul Kork,,,,,,,,,,,31,,,82900,,"Tuesday, April 27, 2021"
Land,,,13.36536791,103.8606727,,Siem Reap City,,,,,,Middle,,,,,0,0,0,962220,12,
Condo/Apartment,,,11.59051482,104.8738552,,SenSok,,,,,,,,,,,20,2,3,1200,1200,
Commercial,,Industrial,11.5,104.61,Kampong Speu,Samraong Tong,,,,,,,,,,,,,,,,"Monday, January 11, 2021"
Condo/Apartment,,,11.58425549,104.8971338,,Toul Kork,,,,,,Middle,,,,,9,1,1,880,880,
Commercial,,Office,11.55,104.93,Phnom Penh,Chamkarmon,,,,,,,,,,,9,,,,,"Wednesday, February 26, 2020"
Condo/Apartment,,,13.36537985,103.860693,,Siem Reap City,,,,,,Middle,,,,,0,1,1,400,400,
Condo/Apartment,,,11.57980921,104.8946923,,Toul Kork,,,,,,,,,,,0,1,1,750,750,
Shophouse/Commercial,,,11.54446556,104.9094373,,Meanchey,,,,,,,,,,,0,0,0,270,270,
Condo/Apartment,,,13.36536759,103.8606801,,Siem Reap City,,,,,,Middle,,,,,0,1,1,200,200,
Residential,,Condominium,11.55,104.93,Phnom Penh,Chroy Changvar,,,,,,,,,,,12,,,39663,,"Wednesday, September 22, 2021"
Condo/Apartment,,,11.56039021,104.9406285,,Chamkarmon,,,,,,,,,,,71,1,1,99998,99998,
Condo/Apartment,,,11.58233763,104.8922432,,Toul Kork,,,,,,,,,,,0,1,2,800,800,
Condo/Apartment,,,11.56279656,104.9238642,,Boeng Keng Kang,,,,,,,,,,,0,1,1,900,900,
Commercial,,Office,11.559,104.9195,Phnom Penh,Daun Penh,,,,,,,,,,,5,,,20,,"Wednesday, February 2, 2022"
Commercial,,Office,11.56,104.91,Phnom Penh,7 Makara,,,,,,,,,,,15,,,,,"Wednesday, February 23, 2022"
Commercial,,Office,11.57,104.91,Phnom Penh,7 Makara,,,,,,,,,,,7,,,17,,"Saturday, June 5, 2021"
Commercial,,Office,11.569,104.9295,Phnom Penh,Daun Penh,,,,,,,,,,,21,,,28,,"Monday, February 21, 2022"
Condo/Apartment,,,11.6017603,104.8977131,,Russey Keo,,,,,,Middle,,,,,20,1,1,600,600,
Condo/Apartment,,,11.57923323,104.8885568,,Toul Kork,,,,,,Middle,,,,,0,2,2,130000,130000,
Commercial,,Office,11.59,104.89,Phnom Penh,Toul Kork,,,,,,,,,,,12,,,17712,,"Tuesday, October 19, 2021"
House/Villa,,,13.36536452,103.8606841,,Siem Reap City,,,,,,Middle,,,,,2,4,5,350000,350000,
Condo/Apartment,,,11.59552589,104.9326049,,Chroy Changvar,,,,,,Middle,,,,,0,1,1,550,550,
Residential,,Condominium,11.55,104.93,Phnom Penh,Daun Penh,,,,,,,,,,,17,,,340000,,"Wednesday, April 1, 2020"
Commercial,,Office,11.55,104.92,Phnom Penh,Chamkarmon,,,,,,,,,,,6,,,,,"Friday, February 12, 2021"
Condo/Apartment,,,11.57137177,104.9224637,,Doun Penh,,,,,,,,,,,0,2,2,1200,1200,
Residential,,StandAloneVilla,11.59,104.93,Phnom Penh,Chroy Changvar,,,,,,,,,,,2,,,2500,,"Tuesday, January 18, 2022"
Residential,,Condominium,11.55,104.92,Phnom Penh,,,,,,,,,,,,32,,,250000,,"Friday, March 13, 2020"
Condo/Apartment,,,11.59051258,104.8738366,,SenSok,,,,,,Corner,,,,,20,2,3,220400,220400,
Residential,,LinkVilla,10.63,104.19,Kampot,,,,,,,,,,,,2,,,81388,,"Tuesday, January 18, 2022"
Commercial,,Warehousing,11.51,104.85,Phnom Penh,Por Senchey,,,,,,,,,,,1,,,7000,,"Tuesday, November 16, 2021"
Commercial,,Industrial,11.41,104.79,Battambang,Kandal Stueng,,,,,,,,,,,,,,,,"Monday, January 11, 2021"
Residential,,Land,11.58,104.86,Phnom Penh,Sen Sok,,,,,,,,,,,,,,680000,,"Wednesday, September 22, 2021"
Condo/Apartment,,,11.57954717,104.8931922,,Toul Kork,,,,,,Middle,,,,,0,1,1,60000,60000,
Commercial,,Office,11.56,104.92,Phnom Penh,7 Makara,,,,,,,,,,,25,,,2200,,"Friday, April 9, 2021"
Condo/Apartment,,,11.55659088,104.9274968,,Boeng Keng Kang,,,,,,,,,,,0,1,1,1600,1600,
Condo/Apartment,,,11.60108767,104.8983998,,Russey Keo,,,,,,Middle,,,,,20,1,1,550,550,
Residential,,Condominium,11.57,104.92,Phnom Penh,Daun Penh,,,,,,,,,,,,,,168000,,"Sunday, February 9, 2020"
Condo/Apartment,,,11.53032331,104.9275848,,Meanchey,,,,,,Middle,,,,,0,3,3,334950,1650,
Commercial,,Office,11.55,104.93,Phnom Penh,Chamkarmon,,,,,,,,,,,2,,,,,"Monday, July 6, 2020"
Condo/Apartment,,,11.53190043,104.918828,,Meanchey,,,,,,,,,,,27,1,1,50000,50000,
Residential,,TwinVilla,11.55,104.87,Phnom Penh,Sen Sok,,,,,,,,,,,3,,,239000,,"Thursday, August 19, 2021"
Condo/Apartment,,,11.49816758,104.9228137,,Meanchey,,,,,,,,,,,23,2,1,650,650,
Commercial,,Office,11.56,104.92,Phnom Penh,7 Makara,,,,,,,,,,,21,,,23,,"Friday, August 7, 2020"
Condo/Apartment,,,11.560717,104.9273385,,Boeng Keng Kang,,,,,,,,,,,0,2,2,1200,1200,
Condo/Apartment,,,11.5904945,104.8738337,,SenSok,,,,,,,,,,,20,1,2,650,650,
Condo/Apartment,,,11.54662634,104.918821,,Chamkarmon,,,,,,,,,,,0,1,1,1100,1100,
Commercial,,Office,11.55,104.91,Phnom Penh,Chamkarmon,,,,,,,,,,,7,,,,,"Wednesday, June 17, 2020"
Commercial,,RetailProject,11.58,104.89,Phnom Penh,Toul Kork,,,,,,,,,,,2,,,,,"Tuesday, June 8, 2021"
Condo/Apartment,,,11.59070408,104.8708109,,SenSok,,,,,,,,,,,20,1,2,650,650,
Condo/Apartment,,,11.53046989,104.9285402,,Meanchey,,,,,,Middle,,,,,0,2,1,1300,1300,
Condo/Apartment,,,11.5904314,104.873811,,SenSok,,,,,,Corner,,,,,20,1,1,600,600,
Commercial,,Office,11.56,104.91,Phnom Penh,7 Makara,,,,,,,,,,,9,,,15,,"Monday, September 27, 2021"
Commercial,,RetailProject,11.55,104.93,Phnom Penh,Chamkarmon,,,,,,,,,,,6,,,,,"Tuesday, November 3, 2020"
Commercial,,Office,11.55,104.9,Phnom Penh,Chamkarmon,,,,,,,,,,,18,,,15,,"Wednesday, April 15, 2020"
Residential,,Condominium,11.54,104.91,Phnom Penh,Meanchey,,,,,,,,,,,23,,,195000,,"Friday, July 2, 2021"
Condo/Apartment,,,11.58795846,104.8913781,,Toul Kork,,,,,,,,,,,0,2,2,2900,2900,
Commercial,,Office,11.54,104.93,Phnom Penh,Chamkarmon,,,,,,,,,,,3,,,9000,,"Tuesday, August 24, 2021"
Commercial,,Office,11.57,104.92,Phnom Penh,Daun Penh,,,,,,,,,,,20,,,31,,"Friday, May 7, 2021"
Residential,,Condominium,11.55,104.93,Phnom Penh,Chroy Changvar,,,,,,,,,,,41,,,80245,,"Monday, March 16, 2020"
Condo/Apartment,,,11.58788378,104.8914115,,Toul Kork,,,,,,,,,,,0,3,2,4000,4000,
Condo/Apartment,,,11.55472567,104.9191778,,Boeng Keng Kang,,,,,,,,,,,0,1,1,850,850,
Land,,,13.36537719,103.8606728,,Siem Reap City,,,,,,Middle,,,,,0,0,0,6348370,70,
Condo/Apartment,,,11.6026011,104.8982281,,Russey Keo,,,,,,,,,,,0,1,1,600,600,
Residential,,Condominium,11.55,104.93,Phnom Penh,Chroy Changvar,,,,,,,,,,,16,,,312800,,"Friday, February 28, 2020"
Commercial,,Office,11.56,104.92,Phnom Penh,Daun Penh,,,,,,,,,,,7,,,,,"Wednesday, June 17, 2020"
Condo/Apartment,,,13.36539269,103.8606899,,Siem Reap City,,,,,,Middle,,,,,3,1,1,400,400,
House/Villa,,,13.36536307,103.8606918,,Siem Reap City,,,,,,Middle,,,,,0,8,10,1300000,1300000,
Hotel/Resort,,,13.36536249,103.8606616,,Siem Reap City,,,,,,Middle,,,,,0,32,34,3450000,3450000,
Condo/Apartment,,,13.36535919,103.8606789,,Siem Reap City,,,,,,Middle,,,,,0,1,1,450,450,
Hotel/Resort,,,13.3653444,103.860661,,Siem Reap City,,,,,,Middle,,,,,5,43,46,3600000,3600000,
Condo/Apartment,,,11.60359953,104.8950631,,Russey Keo,,,,,,Middle,,,,,20,1,1,550,550,
Shophouse/Commercial,,,11.55236762,104.9121197,,Boeng Keng Kang,,,,,,,,,,,6,0,0,0,13,
Land,,,13.36536561,103.8606954,,Siem Reap City,,,,,,Corner,,,,,0,0,0,226170,70,
Hotel/Resort,,,13.36536536,103.8606943,,Siem Reap City,,,,,,Middle,,,,,3,32,35,3450000,3450000,
Condo/Apartment,,,13.36535582,103.8607031,,Siem Reap City,,,,,,Middle,,,,,0,2,2,198000,198000,
Shophouse/Commercial,,,11.55245025,104.9121524,,Boeng Keng Kang,,,,,,,,,,,6,0,0,8000,20,
Condo/Apartment,,,11.52925123,104.9286393,,Meanchey,,,,,,Middle,,,,,0,1,1,130000,130000,
Condo/Apartment,,,13.36536272,103.8606845,,Siem Reap City,,,,,,Corner,,,,,0,1,1,280,280,
Condo/Apartment,,,13.36537293,103.8606675,,Siem Reap City,,,,,,Middle,,,,,0,2,2,300,300,
Condo/Apartment,,,11.57690955,104.9041917,,Toul Kork,,,,,,,,,,,0,1,1,500,500,
Condo/Apartment,,,11.53083428,104.9277461,,Meanchey,,,,,,Middle,,,,,23,2,1,90000,90000,
House/Villa,,,13.36539008,103.8606606,,Siem Reap City,,,,,,Middle,,,,,2,4,5,635000,635000,
Condo/Apartment,,,11.57693268,104.904277,,Toul Kork,,,,,,,,,,,0,1,1,580,580,
Condo/Apartment,,,13.36536212,103.8606959,,Siem Reap City,,,,,,Middle,,,,,0,1,1,250,250,
Condo/Apartment,,,13.36537899,103.8606921,,Siem Reap City,,,,,,Middle,,,,,3,2,2,350,350,
Condo/Apartment,,,11.60825458,104.9016365,,Russey Keo,,,,,,Middle,,,,,20,1,1,700,700,
House/Villa,,,13.365364,103.8606926,,Siem Reap City,,,,,,Middle,,,,,2,2,2,500,500,
Condo/Apartment,,,11.53075885,104.9277227,,Meanchey,,,,,,Middle,,,,,23,2,1,500,500,
Condo/Apartment,,,13.36538085,103.8606791,,Siem Reap City,,,,,,Middle,,,,,3,1,1,270,270,
House/Villa,,,13.36535359,103.8606971,,Siem Reap City,,,,,,Middle,,,,,2,2,2,600,600,
Condo/Apartment,,,13.36535353,103.8606687,,Siem Reap City,,,,,,Corner,,,,,0,1,1,500,500,
Hotel/Resort,,,13.36537472,103.8606774,,Siem Reap City,,,,,,Corner,,,,,0,0,0,650000,650000,
Land,,,13.36539964,103.860699,,Siem Reap City,,,,,,Middle,,,,,0,0,0,200714,4,
Condo/Apartment,,,11.56008833,104.9303388,,Chamkarmon,,,,,,Middle,,,,,7,40,0,6500000,6500000,
Condo/Apartment,,,13.36535505,103.8606844,,Siem Reap City,,,,,,Middle,,,,,0,2,2,550,550,
Condo/Apartment,,,13.3653639,103.8607044,,Siem Reap City,,,,,,Middle,,,,,0,2,2,850,850,
House/Villa,,,13.3653679,103.8606956,,Siem Reap City,,,,,,Middle,,,,,0,3,2,1800,1800,
Land,,,13.36536733,103.8606846,,Siem Reap City,,,,,,Middle,,,,,0,0,0,702600,200,
House/Villa,,,13.36534614,103.8607006,,Siem Reap City,,,,,,Middle,,,,,0,4,3,270000,270000,
Condo/Apartment,,,11.59010677,104.8737664,,SenSok,,,,,,Corner,,,,,20,3,4,462000,462000,
Condo/Apartment,,,11.55738917,104.9254391,,Boeng Keng Kang,,,,,,Corner,,,,,0,2,2,800,800,
Condo/Apartment,,,13.36538248,103.8606843,,Siem Reap City,,,,,,Middle,,,,,0,1,2,500,500,
Condo/Apartment,,,13.36537007,103.8606766,,Siem Reap City,,,,,,Middle,,,,,0,1,1,270,270,
Condo/Apartment,,,13.36538938,103.8606681,,Siem Reap City,,,,,,Middle,,,,,3,1,1,400,400,
Condo/Apartment,,,13.36537017,103.8606929,,Siem Reap City,,,,,,Middle,,,,,0,1,2,330,330,
Condo/Apartment,,,11.56127017,104.927667,,Boeng Keng Kang,,,,,,,,,,,0,2,0,2350,2350,
Condo/Apartment,,,11.55918425,104.9401485,,Chamkarmon,,,,,,,,,,,0,2,2,345000,345000,
Commercial,,Land,11.56,104.92,Phnom Penh,Daun Penh,,,,624,,,,,,,,,,,,"Tuesday, November 10, 2020"
Commercial,,DevelopmentLand,10.6,104.19,Kampot,,,,,1600,,,,,,,,,,720000,,"Tuesday, July 28, 2020"
Residential,,Condominium,11.57,104.92,Phnom Penh,Daun Penh,,,,106,,,,,,,11,,,323000,,"Wednesday, September 22, 2021"
Residential,,Condominium,11.56,104.91,Phnom Penh,7 Makara,,,,48,,,,,,,8,,,100000,,"Thursday, February 17, 2022"
Residential,,ServicedApartment,11.55,104.92,Phnom Penh,Chamkarmon,,,,114,,,,,,,3,,,1950,,"Thursday, January 6, 2022"
Commercial,,Shophouse,11.54,104.92,Phnom Penh,Chamkarmon,,,,72,,,,,,,1,,,27000,,"Thursday, July 22, 2021"
Residential,,Condominium,11.55,104.92,Phnom Penh,Chamkarmon,,,,91,,,,,,,42,,,221807,,"Monday, April 12, 2021"
Residential,,Condominium,11.55,104.93,Phnom Penh,Chamkarmon,,,,33,,,,,,,40,,,98979,,"Thursday, April 29, 2021"
Residential,,ServicedApartment,11.55,104.92,Phnom Penh,Chamkarmon,,,,55,,,,,,,1,,,890,,"Tuesday, January 4, 2022"
Residential,,Shophouse,11.53,104.86,Phnom Penh,Meanchey,,,,328,,,,,,,,,,600000,,"Wednesday, July 14, 2021"
Residential,,Condominium,11.53,104.92,Phnom Penh,Chamkarmon,,,,72,,,,,,,1,,,160000,,"Wednesday, January 27, 2021"
Residential,,Land,13.36,103.83,Siem Reap,,,,,2505,,,,,,,,,,626250,,"Tuesday, April 28, 2020"
Residential,,StandAloneVilla,11.52,104.98,Phnom Penh,Chbar Ampov,,,,1300,,,,,,,1,,,800000,,"Monday, February 14, 2022"
Commercial,,Office,11.56,104.91,Phnom Penh,7 Makara,,,,98,,,,,,,,,,1470,,"Wednesday, November 3, 2021"
Commercial,,Office,11.569,104.9195,Phnom Penh,Daun Penh,,,,33,,,,,,,,,,429,,"Friday, May 29, 2020"
Residential,,Condominium,11.57,104.9,Phnom Penh,Toul Kork,,,,65,,,,,,,1,,,850,,"Wednesday, February 2, 2022"
Residential,,Condominium,11.55,104.93,Phnom Penh,Chamkarmon,,,,30,,,,,,,26,,,140000,,"Sunday, August 22, 2021"
Residential,,Condominium,11.55,104.94,Phnom Penh,Chamkarmon,,,,50,,,,,,,25,,,400,,"Wednesday, January 26, 2022"
Commercial,,Land,11.539,104.9195,Phnom Penh,Chamkarmon,,,,4027,,,,,,,,,,16510700,,"Thursday, April 1, 2021"
Residential,,QueenVilla,11.53,104.99,Phnom Penh,Chbar Ampov,,,,144,,,,,,,2,,,3800,,"Tuesday, February 8, 2022"
Residential,,Condominium,11.589,104.8895,Phnom Penh,Sen Sok,,,,100,,,,,,,,,,160000,,"Tuesday, September 28, 2021"
Commercial,,DevelopmentLand,11.54,104.92,Phnom Penh,Chamkarmon,,,,768,,,,,,,,,,2841600,,"Thursday, April 1, 2021"
Commercial,,DevelopmentLand,10.599,104.1895,Kampot,,,,,1800,,,,,,,,,,1350000,,"Thursday, April 1, 2021"
Residential,,LinkVilla,11.64,104.91,Phnom Penh,Chroy Changvar,,,,75,,,,,,,,,,220000,,"Tuesday, September 28, 2021"
Residential,,Condominium,11.55,104.94,Phnom Penh,Chamkarmon,,,,89,,,,,,,,,,2000,,"Monday, January 3, 2022"
Residential,,Condominium,11.52,104.93,Phnom Penh,Meanchey,,,,29,,,,,,,10,,,72450,,"Thursday, October 28, 2021"
Commercial,,AgriculturalLand,12.689,107.2095,Mondulkiri,Pech Chreada,,,,6440000,,,,,,,,,,,,"Tuesday, August 31, 2021"
Residential,,LinkVilla,11.53,104.96,Phnom Penh,Chbar Ampov,,,,35,,,,,,,,,,770,,"Tuesday, September 21, 2021"
Residential,,Condominium,11.59,104.87,Phnom Penh,Sen Sok,,,,126,,,,,,,17,,,220400,,"Sunday, June 20, 2021"
Residential,,ServicedApartment,11.55,104.92,Phnom Penh,Chamkarmon,,,,145,,,,,,,1,,,2250,,"Monday, November 29, 2021"
Residential,,Condominium,11.57,104.92,Phnom Penh,Daun Penh,,,,107,,,,,,,17,,,317000,,"Friday, October 22, 2021"
Residential,,Condominium,11.58,104.9,Phnom Penh,Toul Kork,,,,76,,,,,,,15,,,200000,,"Tuesday, September 28, 2021"
Residential,,Condominium,11.54,104.92,Phnom Penh,Chamkarmon,,,,82,,,,,,,10,,,290000,,"Thursday, March 19, 2020"
Commercial,,Land,13.439,104.1695,Siem Reap,Svay Leu,,,,374000,,,,,,,,,,3740000,,"Thursday, April 1, 2021"
Residential,,Condominium,11.52,104.93,Phnom Penh,Meanchey,,,,70,,,,,,,1,,,129000,,"Thursday, November 4, 2021"
Residential,,Condominium,11.58,104.9,Phnom Penh,Toul Kork,,,,32,,,,,,,,,,56000,,"Monday, October 11, 2021"
Residential,,Condominium,11.55,104.93,Phnom Penh,Chamkarmon,,,,47,,,,,,,39,,,165000,,"Thursday, October 22, 2020"
Residential,,Condominium,11.57,104.92,Phnom Penh,Daun Penh,,,,116,,,,,,,10,,,300000,,"Monday, April 12, 2021"
Residential,,Condominium,11.56,104.93,Phnom Penh,Chamkarmon,,,,25,,,,,,,36,,,105500,,"Friday, November 5, 2021"
Residential,,ServicedApartment,11.549,104.9295,Phnom Penh,Toul Kork,,,,60,,,,,,,4,,,750,,"Thursday, August 19, 2021"
Residential,,Condominium,11.52,104.93,Phnom Penh,Meanchey,,,,50,,,,,,,23,,,120000,,"Sunday, August 22, 2021"
Residential,,Condominium,11.55,104.92,Phnom Penh,Chamkarmon,,,,44,,,,,,,18,,,241220,,"Tuesday, September 21, 2021"
Residential,,Condominium,11.55,104.91,Phnom Penh,Chamkarmon,,,,43,,,,,,,9,,,100500,,"Saturday, December 11, 2021"
Commercial,,Land,11.519,104.8895,Phnom Penh,Dangkao,,,,2584,,,,,,,,,,3876000,,"Wednesday, September 29, 2021"
Residential,,Condominium,11.61,104.88,Phnom Penh,Sen Sok,,,,35,,,,,,,1,,,67013,,"Wednesday, October 27, 2021"
Commercial,,Hotel,12.249,105.9695,Kratie,Chhloung,,,,4929,,,,,,,,,,2600000,,"Monday, September 27, 2021"
Residential,,Condominium,11.59,104.87,Phnom Penh,Sen Sok,,,,126,,,,,,,7,,,201600,,"Sunday, June 20, 2021"
Commercial,,Hotel,13.36,103.86,Siem Reap,,,,,5500,,,,,,,,,,4800000,,"Monday, June 7, 2021"
Residential,,Condominium,11.55,104.87,Phnom Penh,Sen Sok,,,,35,,,,,,,18,,,87000,,"Thursday, November 4, 2021"
Residential,,ServicedApartment,11.55,104.92,Phnom Penh,Chamkarmon,,,,81,,,,,,,5,,,900,,"Wednesday, August 18, 2021"
Residential,,Condominium,11.57,104.92,Phnom Penh,Daun Penh,,,,106,,,,,,,10,,,320000,,"Tuesday, March 30, 2021"
Residential,,Condominium,11.52,104.93,Phnom Penh,Meanchey,,,,50,,,,,,,21,,,135000,,"Tuesday, September 21, 2021"
Commercial,,Land,11.489,104.9395,Battambang,Ta Khmau,,,,33126,,,,,,,,,,13250400,,"Thursday, April 1, 2021"
Residential,,StandAloneVilla,13.36,103.84,Siem Reap,,,,,9357,,,,,,,,,,4004796,,"Thursday, April 1, 2021"
Commercial,,CommercialLand,11.55,104.92,Phnom Penh,Chamkarmon,,,,403,,,,,,,,,,1491100,,"Thursday, April 1, 2021"
Commercial,,ClusterHouse,11.56,104.87,Phnom Penh,Sen Sok,,,,162,,,,,,,4,,,4000,,"Monday, July 12, 2021"
Residential,,LinkVilla,11.54,104.96,Phnom Penh,Chbar Ampov,,,,315,,,,,,,4,,,399999,,"Monday, July 5, 2021"
Residential,,Condominium,11.54,104.92,Phnom Penh,Chamkarmon,,,,72,,,,,,,1,,,250000,,"Monday, September 27, 2021"
Residential,,Condominium,11.52,104.93,Phnom Penh,Meanchey,,,,50,,,,,,,21,,,135000,,"Wednesday, September 22, 2021"
Residential,,Condominium,11.52,104.93,Phnom Penh,Meanchey,,,,90,,,,,,,27,,,172000,,"Monday, January 25, 2021"
Residential,,Condominium,11.55,104.93,Phnom Penh,Chamkarmon,,,,53,,,,,,,26,,,250000,,"Sunday, August 22, 2021"
Residential,,Condominium,11.55,104.87,Phnom Penh,Sen Sok,,,,164,,,,,,,10,,,377591,,"Wednesday, July 14, 2021"
Residential,,Condominium,11.55,104.94,Phnom Penh,Chamkarmon,,,,53,,,,,,,,,,1200,,"Wednesday, January 5, 2022"
Commercial,,Land,11.45,105,Battambang,Ta Khmau,,,,1473,,,,,,,,,,1326,,"Tuesday, October 26, 2021"
Residential,,Condominium,11.59,104.93,Phnom Penh,Chroy Changvar,,,,119,,,,,,,1,,,155000,,"Wednesday, February 23, 2022"
Commercial,,Land,10.57,103.41,Koh Kong,KaohKong,,,,1300000,,,,,,,,,,65000000,,"Monday, August 30, 2021"
Commercial,,DevelopmentLand,10.639,103.5095,Sihanoukville,,,,,26782,,,,,,,,,,40173000,,"Thursday, April 1, 2021"
Residential,,Condominium,11.58,104.9,Phnom Penh,Toul Kork,,,,54,,,,,,,23,,,99000,,"Sunday, June 20, 2021"
Residential,,Condominium,11.55,104.94,Phnom Penh,Chamkarmon,,,,101,,,,,,,7,,,1000,,"Wednesday, January 5, 2022"
Residential,,ServicedApartment,11.54,104.92,Phnom Penh,Chamkarmon,,,,35,,,,,,,11,,,750,,"Thursday, February 3, 2022"
Commercial,,DevelopmentLand,10.629,103.5295,Sihanoukville,,,,,10662,,,,,,,,,,10662000,,"Thursday, April 1, 2021"
Residential,,Condominium,11.569,104.9095,Phnom Penh,Daun Penh,,,,21,,,,,,,1,,,149000,,"Monday, September 6, 2021"
Residential,,Condominium,11.55,104.93,Phnom Penh,Chamkarmon,,,,69,,,,,,,29,,,185000,,"Tuesday, September 21, 2021"
Residential,,Condominium,11.55,104.92,Phnom Penh,Chamkarmon,,,,53,,,,,,,26,,,203000,,"Wednesday, June 16, 2021"
Commercial,,Condominium,11.56,104.91,Phnom Penh,7 Makara,,,,45,,,,,,,7,,,160000,,"Monday, August 30, 2021"
Residential,,Land,13.32,103.91,Siem Reap,Prasat Bakong,,,,2676,,,,,,,,,,290000,,"Monday, June 7, 2021"
Commercial,,CommercialVilla,11.55,104.93,Phnom Penh,Chamkarmon,,,,246,,,,,,,4,,,7998,,"Wednesday, February 26, 2020"
Commercial,,CommercialBuilding,11.56,104.92,Phnom Penh,Daun Penh,,,,5181,,,,,,,,,,12000025,,"Tuesday, February 15, 2022"
Residential,,Condominium,11.61,104.88,Phnom Penh,Sen Sok,,,,93,,,,,,,7,,,176614,,"Tuesday, November 17, 2020"
Residential,,Condominium,11.549,104.9195,Phnom Penh,Chamkarmon,,,,53,,,,,,,17,,,205000,,"Tuesday, September 21, 2021"
Residential,,Condominium,11.55,104.92,Phnom Penh,Chamkarmon,,,,91,,,,,,,42,,,224960,,"Tuesday, September 21, 2021"
Residential,,Condominium,11.56,104.91,Phnom Penh,Toul Kork,,,,134,,,,,,,,,,483444,,"Thursday, April 29, 2021"
Residential,,QueenVilla,11.6,104.88,Phnom Penh,Russey Keo,,,,368,,,,,,,2,,,520000,,"Tuesday, September 28, 2021"
Residential,,SingleVilla,11.6,104.81,Phnom Penh,Sen Sok,,,,274,,,,,,,2,,,155000,,"Tuesday, September 28, 2021"
Commercial,,Land,11.459,104.9295,Battambang,Ta Khmau,,,,3283,,,,,,,,,,3283000,,"Tuesday, April 20, 2021"
Residential,,Condominium,11.55,104.93,Phnom Penh,Chamkarmon,,,,134,,,,,,,6,,,472000,,"Wednesday, September 22, 2021"
Residential,,Condominium,11.54,104.92,Phnom Penh,Chamkarmon,,,,74,,,,,,,,,,200000,,"Sunday, August 22, 2021"
Commercial,,Land,11.68,104.92,Phnom Penh,Chroy Changvar,,,,5983,,,,,,,,,,5983400,,"Monday, February 21, 2022"
Residential,,Condominium,11.55,104.92,Phnom Penh,Chamkarmon,,,,82,,,,,,,7,,,288000,,"Monday, September 27, 2021"
Residential,,Condominium,11.55,104.93,Phnom Penh,Chamkarmon,,,,35,,,,,,,8,,,141600,,"Wednesday, January 6, 2021"
Residential,,Condominium,11.54,104.92,Phnom Penh,Chamkarmon,,,,85,,,,,,,9,,,1500,,"Thursday, October 21, 2021"
Residential,,Condominium,11.549,104.9195,Phnom Penh,BKK1,,,,53,,,,,,,23,,,,,"Monday, February 24, 2020"
Commercial,,Land,11.599,104.9295,Phnom Penh,Chroy Changvar,,,,3690,,,,,,,,,,9225000,,"Tuesday, April 28, 2020"
Commercial,,Office,11.54,104.93,Phnom Penh,Chamkarmon,,,,292,,,,,,,,,,4088,,"Thursday, March 25, 2021"
Residential,,Condominium,11.57,104.92,Phnom Penh,Daun Penh,,,,83,,,,,,,5,,,238000,,"Wednesday, September 22, 2021"
Residential,,LinkVilla,11.38,104.79,Phnom Penh,Sen Sok,,,,56,,,,,,,2,,,29887,,"Monday, August 30, 2021"
Residential,,ServicedApartment,11.55,104.88,Phnom Penh,Sen Sok,,,,72,,,,,,,3,,,2000,,"Friday, June 25, 2021"
Commercial,,DevelopmentLand,11.49,104.94,Phnom Penh,Meanchey,,,,33126,,,,,,,,,,24844500,,"Thursday, April 1, 2021"
Commercial,,Land,13.349,103.8395,Siem Reap,,,,,28000,,,,,,,,,,8680000,,"Thursday, April 1, 2021"
Commercial,,Hotel,13.369,103.8495,Siem Reap,,,,,1523,,,,,,,,,,6092000,,"Wednesday, April 7, 2021"
Residential,,Condominium,11.55,104.92,Phnom Penh,,,,,117,,,,,,,14,,,260000,,"Monday, September 27, 2021"
Residential,,ServicedApartment,11.54,104.92,Phnom Penh,Chamkarmon,,,,115,,,,,,,7,,,1700,,"Tuesday, August 10, 2021"
Residential,,Condominium,11.54,104.92,Phnom Penh,Chamkarmon,,,,74,,,,,,,8,,,200000,,"Sunday, June 20, 2021"
Residential,,Condominium,11.54,104.92,Phnom Penh,Chamkarmon,,,,74,,,,,,,4,,,229400,,"Wednesday, June 16, 2021"
Residential,,ServicedApartment,11.56,104.92,Phnom Penh,Daun Penh,,,,180,,,,,,,11,,,3000,,"Friday, December 17, 2021"
Residential,,Condominium,11.55,104.93,Phnom Penh,Chamkarmon,,,,32,,,,,,,45,,,150000,,"Sunday, August 22, 2021"
Commercial,,RetailProject,11.59,104.88,Phnom Penh,Sen Sok,,,,40,,,,,,,,,,,,"Tuesday, September 21, 2021"
Commercial,,CommercialVilla,11.54,104.92,Phnom Penh,Chamkarmon,,,,350,,,,,,,3,,,4000,,"Tuesday, November 3, 2020"
Residential,,Land,11.57,104.89,Phnom Penh,Toul Kork,,,,268,,,,,,,,,,950000,,"Wednesday, February 23, 2022"
Residential,,ServicedApartment,11.55,104.92,Phnom Penh,Chamkarmon,,,,105,,,,,,,3,,,1200,,"Thursday, February 24, 2022"
Residential,,Condominium,11.54,104.92,Phnom Penh,Chamkarmon,,,,58,,,,,,,18,,,168000,,"Tuesday, September 21, 2021"
Residential,,Condominium,11.55,104.93,Phnom Penh,Chamkarmon,,,,38,,,,,,,15,,,120000,,"Monday, August 30, 2021"
Residential,,Condominium,11.55,104.92,Phnom Penh,Chamkarmon,,,,30,,,,,,,26,,,169320,,"Tuesday, September 21, 2021"
Residential,,Condominium,11.54,104.92,Phnom Penh,Chamkarmon,,,,72,,,,,,,7,,,250000,,"Wednesday, August 25, 2021"
Commercial,,Hotel,11.569,104.9295,Phnom Penh,Daun Penh,,,,146,,,,,,,,,,1898000,,"Monday, April 5, 2021"
Residential,,Condominium,11.54,104.92,Phnom Penh,Chamkarmon,,,,145,,,,,,,18,,,375000,,"Tuesday, September 21, 2021"
Commercial,,Land,11.579,104.9395,Phnom Penh,Chroy Changvar,,,,1198,,,,,,,,,,3234600,,"Tuesday, April 28, 2020"
Commercial,,DevelopmentLand,11.569,104.8995,Phnom Penh,Toul Kork,,,,366,,,,,,,,,,1024800,,"Thursday, April 1, 2021"
Residential,,Condominium,11.57,104.92,Phnom Penh,Daun Penh,,,,85,,,,,,,8,,,238000,,"Monday, September 27, 2021"
Residential,,Condominium,11.58,104.85,Phnom Penh,Sen Sok,,,,244,,,,,,,9,,,682108,,"Thursday, April 29, 2021"
Residential,,Condominium,11.55,104.93,Phnom Penh,Meanchey,,,,208,,,,,,,26,,,403312,,"Friday, July 2, 2021"
Residential,,Condominium,11.55,104.93,Phnom Penh,Chamkarmon,,,,59,,,,,,,,,,210000,,"Thursday, April 29, 2021"
Commercial,,Office,11.55,104.93,Phnom Penh,7 Makara,,,,100,,,,,,,,,,300000,,"Wednesday, November 3, 2021"
Residential,,Condominium,11.55,104.93,Phnom Penh,Chroy Changvar,,,,41,,,,,,,22,,,51865,,"Wednesday, May 20, 2020"
Residential,,Condominium,11.55,104.92,Phnom Penh,Chamkarmon,,,,53,,,,,,,26,,,291530,,"Tuesday, September 21, 2021"
Residential,,Condominium,11.55,104.92,Phnom Penh,Chamkarmon,,,,112,,,,,,,8,,,400000,,"Wednesday, June 16, 2021"
Commercial,,Land,11.5,104.94,Phnom Penh,Meanchey,,,,3637,,,,,,,,,,7200000,,"Tuesday, November 2, 2021"
Residential,,Land,11.42,104.97,Battambang,S'ang,,,,20000,,,,,,,,,,5200000,,"Wednesday, October 28, 2020"
Residential,,Condominium,11.55,104.93,Phnom Penh,Chamkarmon,,,,115,,,,,,,31,,,2500,,"Monday, September 6, 2021"
Residential,,Condominium,11.57,104.89,Phnom Penh,Toul Kork,,,,37,,,,,,,8,,,52000,,"Thursday, June 24, 2021"
Commercial,,Industrial,11.51,104.7,Battambang,Angk Snuol,,,,22519,,,,,,,,,,22519,,"Monday, January 11, 2021"
Residential,,Condominium,11.539,104.9195,Phnom Penh,Chamkarmon,,,,259,,,,,,,2,,,690000,,"Monday, April 12, 2021"
Residential,,Condominium,11.52,104.93,Phnom Penh,Meanchey,,,,50,,,,,,,8,,,530,,"Wednesday, August 4, 2021"
Commercial,,Land,11.559,104.9595,Battambang,Lvea Aem,,,,12600,,,,,,,,,,8190000,,"Wednesday, September 22, 2021"
Residential,,Condominium,11.52,104.93,Phnom Penh,Meanchey,,,,70,,,,,,,23,,,140000,,"Sunday, August 22, 2021"
Residential,,Condominium,11.55,104.92,Phnom Penh,Chamkarmon,,,,76,,,,,,,26,,,376700,,"Thursday, June 17, 2021"
Residential,,Condominium,11.55,104.92,Phnom Penh,Chamkarmon,,,,27,,,,,,,26,,,650,,"Monday, November 29, 2021"
Residential,,Condominium,11.55,104.92,Phnom Penh,Chamkarmon,,,,50,,,,,,,18,,,241220,,"Tuesday, September 28, 2021"
Commercial,,MixedUse,11.71,104.13,Kampong Speu,Aoral,,,,940000,,,,,,,,,,3572000,,"Thursday, April 1, 2021"
Commercial,,Office,11.58,104.93,Phnom Penh,Chamkarmon,,,,76,,,,,,,,,,1672,,"Tuesday, January 25, 2022"
Residential,,Condominium,11.57,104.92,Phnom Penh,Daun Penh,,,,73,,,,,,,5,,,216000,,"Monday, September 27, 2021"
Residential,,Condominium,11.55,104.93,Phnom Penh,Chamkarmon,,,,69,,,,,,,45,,,240000,,"Tuesday, December 29, 2020"
Residential,,Condominium,11.55,104.92,Phnom Penh,Chamkarmon,,,,44,,,,,,,23,,,246930,,"Tuesday, September 28, 2021"
Residential,,SingleVilla,10.5,103.55,Sihanoukville,Prey Nob,,,,209,,,,,,,,,,1200000,,"Thursday, April 1, 2021"
Commercial,,RetailProject,11.55,104.92,Phnom Penh,Chamkarmon,,,,43,,,,,,,,,,274519,,"Thursday, July 1, 2021"
Residential,,Condominium,11.55,104.93,Phnom Penh,Meanchey,,,,165,,,,,,,26,,,260000,,"Thursday, October 21, 2021"
Commercial,,Industrial,11.509,104.8195,Phnom Penh,Por Senchey,,,,17572,,,,,,,,,,4900000,,"Monday, January 11, 2021"
Residential,,Condominium,11.55,104.94,Phnom Penh,Chamkarmon,,,,40,,,,,,,16,,,165000,,"Wednesday, September 22, 2021"
Commercial,,Office,11.56,104.91,Phnom Penh,Chamkarmon,,,,34,,,,,,,,,,98003,,"Friday, November 20, 2020"
Residential,,ServicedApartment,11.55,104.92,Phnom Penh,Chamkarmon,,,,114,,,,,,,16,,,2650,,"Thursday, January 6, 2022"
Residential,,Condominium,11.55,104.92,Phnom Penh,Chamkarmon,,,,81,,,,,,,,,,240000,,"Tuesday, September 28, 2021"
Residential,,Condominium,11.55,104.94,Phnom Penh,Chamkarmon,,,,69,,,,,,,,,,172000,,"Friday, February 4, 2022"
Residential,,Condominium,11.55,104.92,Phnom Penh,Chamkarmon,,,,91,,,,,,,42,,,214385,,"Monday, June 7, 2021"
Commercial,,DevelopmentLand,11.609,104.8095,Phnom Penh,Por Senchey,,,,112000,,,,,,,,,,32480000,,"Thursday, April 1, 2021"
Commercial,,Office,11.569,104.9095,Phnom Penh,Daun Penh,,,,86,,,,,,,,,,435000,,"Tuesday, February 1, 2022"
Residential,,StandAloneVilla,10.48,104.32,Kep,,,,,1793,,,,,,,2,,,,,"Saturday, December 11, 2021"
Residential,,ServicedApartment,11.55,104.92,Phnom Penh,Chamkarmon,,,,125,,,,,,,1,,,1700,,"Wednesday, January 5, 2022"
Residential,,Condominium,11.55,104.92,Phnom Penh,Chamkarmon,,,,154,,,,,,,26,,,750000,,"Wednesday, September 22, 2021"
Residential,,Condominium,11.55,104.93,Sihanoukville,,,,,36,,,,,,,22,,,64800,,"Friday, November 5, 2021"
Residential,,Condominium,11.59,104.93,Phnom Penh,Chroy Changvar,,,,178,,,,,,,25,,,616902,,"Saturday, August 8, 2020"
Residential,,Condominium,11.549,104.9195,Phnom Penh,Chamkarmon,,,,103,,,,,,,25,,,370000,,"Wednesday, June 16, 2021"
Residential,,Condominium,11.55,104.93,Phnom Penh,Chamkarmon,,,,35,,,,,,,9,,,135481,,"Tuesday, September 28, 2021"
Commercial,,Land,10.499,103.6595,Sihanoukville,Prey Nob,,,,66000,,,,,,,,,,13200000,,"Thursday, April 1, 2021"
Residential,,Condominium,11.58,104.89,Phnom Penh,Toul Kork,,,,30,,,,,,,,,,350,,"Thursday, June 24, 2021"
Residential,,Land,13.369,103.8695,Siem Reap,,,,,12500,,,,,,,,,,6625000,,"Wednesday, June 16, 2021"
Commercial,,Industrial,11.5,104.81,Phnom Penh,Por Senchey,,,,5388,,,,,,,,,,727380,,"Monday, January 11, 2021"
Residential,,Condominium,11.53,104.96,Phnom Penh,Chbar Ampov,,,,30,,,,,,,10,,,60000,,"Tuesday, September 21, 2021"
Residential,,StandAloneVilla,11.54,104.92,Phnom Penh,Chamkarmon,,,,106,,,,,,,2,,,699000,,"Thursday, October 28, 2021"
Commercial,,IndustrialLand,11.51,104.73,Battambang,Angk Snuol,,,,181684,,,,,,,,,,36336800,,"Friday, September 17, 2021"
Commercial,,Land,11.67,104.92,Phnom Penh,Chroy Changvar,,,,1754,,,,,,,,,,1052160,,"Monday, February 21, 2022"
Commercial,,Shophouse,13.35,103.86,Siem Reap,,,,,274,,,,,,,2,,,1600000,,"Thursday, April 1, 2021"
Commercial,,Office,11.57,104.91,Phnom Penh,Daun Penh,,,,86,,,,,,,,,,28,,"Tuesday, February 1, 2022"
Residential,,Land,11.609,104.8795,Phnom Penh,Sen Sok,,,,12000,,,,,,,,,,6000000,,"Thursday, April 1, 2021"
Residential,,Land,13.36,103.84,Siem Reap,,,,,10000,,,,,,,,,,4000000,,"Thursday, April 1, 2021"
Residential,,Condominium,11.55,104.92,Phnom Penh,Chamkarmon,,,,45,,,,,,,9,,,149123,,"Friday, July 2, 2021"
Residential,,Condominium,11.52,104.93,Phnom Penh,Meanchey,,,,50,,,,,,,23,,,115000,,"Thursday, March 26, 2020"
Residential,,Condominium,11.57,104.9,Phnom Penh,Toul Kork,,,,29,,,,,,,23,,,50000,,"Friday, October 22, 2021"
Commercial,,Land,11.539,104.9195,Phnom Penh,Chamkarmon,,,,477,,,,,,,,,,3100500,,"Thursday, April 1, 2021"
Residential,,Condominium,11.55,104.92,Phnom Penh,Chamkarmon,,,,30,,,,,,,4,,,118000,,"Wednesday, March 25, 2020"
Residential,,Condominium,11.549,104.9195,Phnom Penh,Chamkarmon,,,,76,,,,,,,24,,,,,"Monday, February 24, 2020"
Residential,,StandAloneVilla,11.47,104.95,Battambang,Ta Khmau,,,,352,,,,,,,2,,,3499,,"Thursday, September 23, 2021"
Residential,,Condominium,11.569,104.9095,Phnom Penh,Daun Penh,,,,86,,,,,,,1,,,579000,,"Friday, August 13, 2021"
Residential,,DevelopmentProject,11.39,104.77,Kampong Speu,Kong Pisei,,,,3000000,,,,,,,,,,,,"Tuesday, April 28, 2020"
Residential,,ServicedApartment,11.55,104.92,Phnom Penh,Chamkarmon,,,,96,,,,,,,8,,,2200,,"Thursday, January 6, 2022"
Residential,,Condominium,11.55,104.92,Phnom Penh,Chamkarmon,,,,61,,,,,,,25,,,360000,,"Monday, February 21, 2022"
Commercial,,Office,11.55,104.92,Phnom Penh,Chamkarmon,,,,296,,,,,,,,,,8288,,"Tuesday, February 15, 2022"
Residential,,Condominium,11.54,104.93,Phnom Penh,Chamkarmon,,,,74,,,,,,,18,,,229000,,"Sunday, August 22, 2021"
Commercial,,Land,11.539,104.9095,Phnom Penh,Chamkarmon,,,,675,,,,,,,,,,3037500,,"Thursday, October 22, 2020"
Residential,,ServicedApartment,11.54,104.92,Phnom Penh,Chamkarmon,,,,115,,,,,,,,,,1875,,"Thursday, February 3, 2022"
Residential,,Condominium,11.52,104.93,Phnom Penh,Meanchey,,,,67,,,,,,,11,,,700,,"Thursday, July 15, 2021"
Residential,,Condominium,11.58,104.85,Phnom Penh,Sen Sok,,,,244,,,,,,,9,,,682108,,"Thursday, April 29, 2021"
Residential,,Condominium,11.54,104.92,Phnom Penh,Chamkarmon,,,,50,,,,,,,18,,,142000,,"Sunday, June 20, 2021"
Residential,,Condominium,11.57,104.9,Phnom Penh,Toul Kork,,,,39,,,,,,,1,,,500,,"Wednesday, February 2, 2022"
Residential,,Condominium,11.54,104.92,Phnom Penh,Chamkarmon,,,,108,,,,,,,27,,,265000,,"Tuesday, November 2, 2021"
Residential,,Condominium,11.54,104.93,Phnom Penh,Chamkarmon,,,,86,,,,,,,6,,,313554,,"Tuesday, May 12, 2020"
Residential,,Condominium,13.36,103.85,Phnom Penh,Chamkarmon,,,,78,,,,,,,4,,,183179,,"Tuesday, September 21, 2021"
Residential,,Condominium,11.52,104.93,Phnom Penh,Meanchey,,,,70,,,,,,,23,,,139000,,"Monday, April 12, 2021"
